Plant state abbreviation,DOE/EIA ORIS plant or facility code,Utility ID,Plant latitude,Plant longitude,Plant primary fuel,Plant primary coal/oil/gas/ other fossil fuel category,Plant annual net generation,Plant annual CO2 emissions,plant_emission_rate
CA,57310,57320,33.794283,-118.241405,SUN,SOLAR,1781.0,0.0,0.0
CA,58918,61315,36.67,-119.415833,SUN,SOLAR,1535.0,0.0,0.0
CA,58920,61315,37.352222,-120.506944,SUN,SOLAR,2656.0,0.0,0.0
CA,58919,61315,39.291667,-121.669722,SUN,SOLAR,2410.0,0.0,0.0
CA,57871,11208,34.026944,-118.224167,SUN,SOLAR,1252.0,0.0,0.0
CA,52162,62092,35.1011,-118.3372,WND,WIND,12194.0,0.0,0.0
CA,52163,62092,35.1011,-118.3372,WND,WIND,16181.0,0.0,0.0
CA,293,14328,37.15105,-119.504724,WAT,HYDRO,52855.0,0.0,0.0
CA,61501,61105,35.472113,-119.432866,OBG,BIOMASS,7924.0,0.0,0.0
CA,61502,61106,35.21426,-119.202974,OBG,BIOMASS,6513.0,0.0,0.0
CA,61503,61107,35.17306,-119.116384,OBG,BIOMASS,7972.0,0.0,0.0
CA,58699,58628,35.169722,-119.105556,OBG,BIOMASS,12192.0,0.001,8.202099737532809e-08
CA,59440,59212,34.557222,-117.3775,SUN,SOLAR,18283.0,0.0,0.0
CA,57305,11208,34.550833,-117.435277,SUN,SOLAR,12751.0,0.0,0.0
CA,59441,59211,34.557222,-117.3775,SUN,SOLAR,60023.0,0.0,0.0
CA,60027,58661,37.120586,-120.32488,SUN,SOLAR,42336.0,0.0,0.0
CA,57811,57128,37.330556,-121.893056,NG,GAS,8338.0,0.0,0.0
CA,57651,17650,35.102778,-118.954444,SUN,SOLAR,47763.0,0.0,0.0
CA,55184,24536,35.953293,-120.859952,NG,GAS,47904.0,15317.146,0.31974670173680697
CA,57697,60281,38.613508,-121.162879,SUN,SOLAR,5923.0,0.0,0.0
CA,57698,60281,38.6086,-121.1703,SUN,SOLAR,3994.0,0.0,0.0
CA,61718,61348,34.189857,-118.451355,SUN,SOLAR,1904.0,0.0,0.0
CA,315,22148,33.7688,-118.1009,NG,GAS,581118.0,487350.102,0.8386422413348064
CA,335,23693,33.6439,-117.9792,NG,GAS,221671.0,165662.797,0.7473363543269078
CA,356,22484,33.8504,-118.395,NG,GAS,195943.0,188863.898,0.9638716259320312
CA,50748,2871,37.4058,-121.9272,NG,GAS,6467.0,3360.796,0.5196839338178444
CA,63699,62150,37.32489,-121.99894,NG,GAS,18227.0,0.0,0.0
CA,55951,5532,34.0414,-117.3603,NG,GAS,4041.0,2699.675,0.6680710220242515
CA,52158,7160,38.8339,-122.881,GEO,GEOTHERMAL,106159.0,12301.702,0.11587997249408905
CA,7450,40613,37.7886,-122.2889,NG,GAS,7208.0,7108.784,0.986235294117647
CA,905,3255,34.8158,-118.6867,WAT,HYDRO,63010.0,0.0,0.0
CA,59469,58468,34.682222,-117.3475,SUN,SOLAR,41820.0,0.0,0.0
CA,57564,56905,36.6842,-119.5522,NG,GAS,74663.0,30786.98,0.4123458741277473
CA,60242,59050,35.126111,-119.243361,SUN,SOLAR,20820.0,0.0,0.0
CA,59412,59050,35.126111,-119.243333,SUN,SOLAR,47961.0,0.0,0.0
CA,7315,19281,37.5744,-120.985,NG,GAS,282001.001,177102.713,0.6280215757106479
CA,58003,56769,35.898333,-119.435278,SUN,SOLAR,108586.0,0.0,0.0
CA,58002,56769,35.9025,-119.442778,SUN,SOLAR,45442.0,0.0,0.0
CA,57295,59397,34.7892,-118.5047,SUN,SOLAR,154939.0,0.0,0.0
CA,214,14328,39.215979,-120.80355,WAT,HYDRO,3401.0,0.0,0.0
CA,57282,60015,35.033725,-118.353422,WND,WIND,366019.0,0.0,0.0
CA,57291,60015,35.023889,-118.295278,WND,WIND,366720.0,0.0,0.0
CA,57292,60015,35.023889,-118.295278,WND,WIND,261255.0,0.0,0.0
CA,57293,60015,35.008611,-118.242222,WND,WIND,150299.0,0.0,0.0
CA,57294,60015,35.008611,-118.242222,WND,WIND,311896.0,0.0,0.0
CA,57835,63235,35.026683,-118.234811,WND,WIND,237117.0,0.0,0.0
CA,58394,60015,35.06,-118.2,WND,WIND,366641.0,0.0,0.0
CA,58395,60015,35.065,-118.39,WND,WIND,246686.0,0.0,0.0
CA,50299,60134,37.732533,-121.116006,NG,GAS,5377.0,3260.27,0.6063362469778687
CA,50571,54842,37.749308,-121.649866,LFG,BIOMASS,39752.0,0.001,2.5155966995371302e-08
CA,50485,2770,33.915023,-116.555064,WND,WIND,4982.0,0.0,0.0
CA,63303,63091,33.878585,-117.99608,SUN,SOLAR,1786.0,0.0,0.0
CA,61377,61012,37.468888,-121.166326,SUN,SOLAR,5250.0,0.0,0.0
CA,59800,57128,34.088408,-117.245839,NG,GAS,6823.0,0.0,0.0
CA,57771,57079,39.674,-121.73,LFG,BIOMASS,2800.0,0.0,0.0
CA,56898,56104,34.431664,-118.642855,LFG,BIOMASS,43216.0,0.0,0.0
CA,58437,58433,37.883406,-121.185104,LFG,BIOMASS,33134.0,0.0,0.0
CA,58397,58382,36.534167,-121.408611,LFG,BIOMASS,10422.0,0.0,0.0
CA,56897,56103,38.003928,-121.934491,LFG,BIOMASS,29881.0,0.0,0.0
CA,56895,56101,37.5,-122.4,LFG,BIOMASS,86950.998,0.002,2.300146112181484e-08
CA,58436,58432,38.029722,-120.929722,LFG,BIOMASS,30654.0,0.0,0.0
CA,56428,54814,36.9178,-121.8156,LFG,BIOMASS,18702.0,0.002,1.0694043417816277e-07
CA,58435,58431,37.754444,-121.728889,LFG,BIOMASS,33161.0,0.0,0.0
CA,62687,62162,38.160858,-122.214014,SUN,SOLAR,1521.0,0.0,0.0
CA,56706,55953,37.106668,-120.248504,WDS,BIOMASS,71711.0,67.26,0.0009379314191686074
CA,7693,590,33.853542,-117.856286,NG,GAS,22235.0,12564.481,0.5650767258826175
CA,59416,59187,33.8025,-117.919722,SUN,SOLAR,3189.0,0.0,0.0
CA,215,19586,38.071944,-120.539444,WAT,HYDRO,6387.0,0.0,0.0
CA,59331,59129,38.233611,-122.0925,WND,WIND,3670.0,0.0,0.0
CA,60279,58661,34.694839,-118.28769,SUN,SOLAR,55178.0,0.0,0.0
CA,60186,58661,34.655556,-118.280722,SUN,SOLAR,128080.0,0.0,0.0
CA,60187,58661,34.686944,-118.311722,SUN,SOLAR,11112.0,0.0,0.0
CA,61265,58661,34.736859,-118.304071,SUN,SOLAR,9307.0,0.0,0.0
CA,61264,58661,34.744977,-118.309153,SUN,SOLAR,232562.0,0.0,0.0
CA,59610,59353,33.74,-117.010556,SUN,SOLAR,42588.0,0.0,0.0
CA,62577,57128,37.331666,-122.006686,NG,GAS,19597.0,0.0,0.0
CA,59557,57369,37.33,-122.01,LFG,BIOMASS,19627.0,0.0,0.0
CA,59473,57369,37.33,-122.01,SUN,SOLAR,15279.0,0.0,0.0
CA,10684,49968,35.765,-117.3833,RC,COAL,249807.0,143467.773,0.5743144627652548
CA,58445,58440,34.655,-118.051111,SUN,SOLAR,2450.0,0.0,0.0
CA,58446,58440,34.650556,-118.051944,SUN,SOLAR,4109.0,0.0,0.0
CA,58447,58440,34.647778,-118.061111,SUN,SOLAR,2325.0,0.0,0.0
CA,59737,58661,36.552186,-120.352481,SUN,SOLAR,19658.0,0.0,0.0
CA,58889,58759,38.761389,-122.975278,SUN,SOLAR,1275.0,0.0,0.0
CA,61154,57128,33.836439,-117.916893,NG,GAS,9424.0,0.0,0.0
CA,61153,57128,37.417638,-121.94453,NG,GAS,9878.0,0.0,0.0
CA,62573,57128,33.684675,-117.836821,NG,GAS,7044.0,0.0,0.0
CA,63605,57128,38.236257,-122.077759,NG,GAS,6222.0,0.0,0.0
CA,62574,57128,34.196324,-118.448225,NG,GAS,7215.0,0.0,0.0
CA,63606,57128,34.152191,-118.456078,NG,GAS,6577.0,0.0,0.0
CA,58366,58355,35.895,-119.510833,SUN,SOLAR,37593.0,0.0,0.0
CA,59414,56769,35.815,-119.459722,SUN,SOLAR,53229.0,0.0,0.0
CA,57378,56722,34.780278,-118.42444,SUN,SOLAR,575634.0,0.0,0.0
CA,57359,56700,35.989722,-120.11,SUN,SOLAR,10326.0,0.0,0.0
CA,60085,60947,34.748894,-117.973571,SUN,SOLAR,8117.0,0.0,0.0
CA,58039,60898,37.734167,-120.995556,SUN,SOLAR,61156.0,0.0,0.0
CA,50200,1058,33.688721,-117.834793,NG,GAS,32476.0,10361.506,0.31905117625323315
CA,10650,60662,35.483736,-119.029856,NG,GAS,14125.0,10040.513,0.710832778761062
CA,59428,59205,40.526389,-123.725556,WAT,HYDRO,1010.0,0.0,0.0
CA,59948,59711,35.317551,-118.989894,SUN,SOLAR,3303.0,0.0,0.0
CA,61118,60730,35.330032,-118.993119,SUN,SOLAR,2139.0,0.0,0.0
CA,61117,60729,35.324982,-118.981522,SUN,SOLAR,10134.0,0.0,0.0
CA,217,14328,36.909137,-119.087712,WAT,HYDRO,163231.0,0.0,0.0
CA,218,14328,36.908907,-119.087556,WAT,HYDRO,581244.0,0.0,0.0
CA,56474,17609,33.8073,-117.9832,NG,GAS,18884.0,12759.657,0.6756861364117771
CA,60481,58661,34.667817,-118.298089,SUN,SOLAR,54353.0,0.0,0.0
CA,60474,58661,34.678305,-118.302649,SUN,SOLAR,53746.0,0.0,0.0
CA,60475,58661,34.681338,-118.314087,SUN,SOLAR,53543.0,0.0,0.0
CA,59309,60865,35.265833,-117.999167,SUN,SOLAR,122830.0,0.0,0.0
CA,59308,60865,35.248889,-118.034444,SUN,SOLAR,97626.0,0.0,0.0
CA,50156,3663,40.534454,-121.959109,WAT,HYDRO,6234.0,0.0,0.0
CA,58508,58135,38.136389,-121.148889,SUN,SOLAR,3868.0,0.0,0.0
CA,10649,60662,35.419181,-118.926643,NG,GAS,32865.0,24656.35,0.7502312490491404
CA,457,5969,33.166246,-117.016566,WAT,HYDRO,3472.0,0.0,0.0
CA,56346,54710,34.2506,-116.9025,NG,GAS,385.0,443.009,1.1506727272727273
CA,414,13935,38.202569,-120.076983,WAT,HYDRO,68189.0,0.0,0.0
CA,219,14328,40.007445,-121.249438,WAT,HYDRO,429689.0,0.0,0.0
CA,58890,58759,38.510833,-122.479722,SUN,SOLAR,1242.0,0.0,0.0
CA,50170,1569,35.093046,-119.443617,NG,GAS,292321.0,92776.399,0.317378494873786
CA,50622,1569,35.089829,-119.440881,NG,GAS,78487.0,30329.234,0.38642366251735955
CA,62176,1569,35.307555,-119.611551,NG,GAS,48229.0,34645.215,0.7183481929959152
CA,52096,1569,34.38407,-118.494882,NG,GAS,266165.0,88120.364,0.3310741983356189
CA,10880,12239,40.8014,-121.4481,WAT,HYDRO,7583.0,0.0,0.0
CA,317,17609,37.2042,-119.2396,WAT,HYDRO,345253.0,0.0,0.0
CA,318,17609,37.2,-119.3069,WAT,HYDRO,329937.0,0.0,0.0
CA,322,17609,37.200062,-119.30681,WAT,HYDRO,505669.0,0.0,0.0
CA,319,17609,37.148517,-119.386623,WAT,HYDRO,859280.999,0.0,0.0
CA,320,17609,37.139,-119.4898,WAT,HYDRO,513541.0,0.0,0.0
CA,321,17609,37.2096,-119.3289,WAT,HYDRO,283942.0,0.0,0.0
CA,10282,1678,40.646733,-123.498008,WAT,HYDRO,8042.0,0.0,0.0
CA,391,11208,37.142795,-118.324075,WAT,HYDRO,160.0,0.0,0.0
CA,54296,1752,33.906953,-118.013105,NG,GAS,12571.001,3815.658,0.3035285734206846
CA,323,17609,37.273581,-118.573339,WAT,HYDRO,36422.001,0.0,0.0
CA,324,17609,37.301962,-118.531957,WAT,HYDRO,35190.999,0.0,0.0
CA,325,17609,37.323035,-118.501714,WAT,HYDRO,49503.999,0.0,0.0
CA,326,17609,37.3344,-118.4797,WAT,HYDRO,17351.0,0.0,0.0
CA,327,17609,37.3499,-118.4628,WAT,HYDRO,10314.0,0.0,0.0
CA,7229,16655,39.814905,-122.332335,WAT,HYDRO,18065.0,0.0,0.0
CA,56090,61143,33.9328,-117.855,PRG,OTHF,28555.0,25859.834,0.9056149185781824
CA,59524,56769,35.612,-119.845,SUN,SOLAR,45622.0,0.0,0.0
CA,62077,60947,38.650627,-121.074115,SUN,SOLAR,1323.0,0.0,0.0
CA,55295,58453,33.6157,-114.6865,NG,GAS,1468625.0,673999.625,0.45893241978040683
CA,60093,59842,33.68,-114.742,SUN,SOLAR,290183.0,0.0,0.0
CA,60092,59843,33.68,-114.73,SUN,SOLAR,272282.0,0.0,0.0
CA,56862,56105,34.5644,-117.6933,SUN,SOLAR,3325.0,0.0,0.0
CA,59461,59228,33.718889,-117.702222,LFG,BIOMASS,161788.998,0.003,1.854267000281441e-08
CA,50546,13402,39.448352,-120.653417,WAT,HYDRO,14275.0,0.0,0.0
CA,50179,58896,41.2792,-122.3292,WAT,HYDRO,20928.0,0.0,0.0
CA,58007,57384,33.932022,-117.840233,LFG,BIOMASS,236516.07,0.0,0.0
CA,57580,56917,38.6183,-121.0564,NG,GAS,15836.0,9347.5,0.5902690073250821
CA,57962,56769,35.008333,-118.241389,WND,WIND,246957.0,0.0,0.0
CA,220,14328,39.91062,-121.327692,WAT,HYDRO,160302.0,0.0,0.0
CA,56446,50123,37.805,-121.6672,WND,WIND,87875.0,0.0,0.0
CA,60154,57104,33.912917,-118.041944,SUN,SOLAR,1576.0,0.0,0.0
CA,60151,57104,33.914356,-118.050189,SUN,SOLAR,2347.0,0.0,0.0
CA,60153,57104,33.912917,-118.050561,SUN,SOLAR,2203.0,0.0,0.0
CA,10706,17725,40.8579,-121.7225,WAT,HYDRO,8869.0,0.0,0.0
CA,10652,62970,40.879719,-121.720342,WDS,BIOMASS,219044.0,7161.383,0.032693810375997515
CA,221,14328,40.175656,-121.190663,WAT,HYDRO,129768.0,0.0,0.0
CA,57970,57345,39.648056,-121.644167,SUN,SOLAR,5212.0,0.0,0.0
CA,52147,3221,32.6947,-117.1436,NG,GAS,90099.999,29648.141,0.3290581723535868
CA,58251,58223,38.057222,-122.218889,PUR,OTHF,36684.0,0.0,0.0
CA,60428,58540,37.92,-122.344,SUN,SOLAR,4205.0,0.0,0.0
CA,60033,61423,35.615573,-120.404352,SUN,SOLAR,337000.0,0.0,0.0
CA,60034,61230,35.615573,-120.404352,SUN,SOLAR,320888.0,0.0,0.0
CA,56011,17058,33.9172,-116.735,WND,WIND,111678.0,0.0,0.0
CA,302,58847,33.140507,-117.333916,NG,GAS,372058.002,248998.418,0.6692462375799137
CA,57544,17609,34.185833,-117.324167,NG,GAS,9071.0,0.0,0.0
CA,57163,11217,34.1511,-118.7236,LFG,BIOMASS,36861.0,0.0,0.0
CA,63054,62885,35.141374,-117.965748,SUN,SOLAR,594.0,0.0,0.0
CA,63516,61944,35.157,-117.981,SUN,SOLAR,5350.0,0.0,0.0
CA,10262,2848,34.138467,-118.1256,NG,GAS,88134.0,27524.606,0.3123040597272335
CA,59283,58540,38.001111,-121.703889,SUN,SOLAR,1965.0,0.0,0.0
CA,57439,56762,35.323739,-119.91663,SUN,SOLAR,584795.001,0.0,0.0
CA,59088,17650,33.165833,-115.532222,SUN,SOLAR,42035.0,0.0,0.0
CA,50066,7160,38.7879,-122.7434,GEO,GEOTHERMAL,400526.0,46412.887,0.11587983551629608
CA,55510,59527,32.562448,-116.943869,NG,GAS,8892.0,5965.752,0.6709122807017545
CA,55513,59527,33.121943,-117.117441,NG,GAS,5493.0,3514.652,0.6398419807027126
CA,55508,20323,36.6535,-120.5783,NG,GAS,8934.0,4397.198,0.49218692634878
CA,55499,59527,38.398867,-121.923973,NG,GAS,7997.0,5108.666,0.6388228085532075
CA,10034,3028,37.0001,-121.5367,NG,GAS,89538.0,39468.594,0.4408027206325805
CA,55112,22650,39.053139,-121.695873,NG,GAS,653073.0,288332.745,0.4415015549563372
CA,56768,55961,36.7575,-120.3658,SUN,SOLAR,8964.0,0.0,0.0
CA,57460,56778,34.1358,-118.1267,OBG,BIOMASS,7722.0,0.0,0.0
CA,537,5571,38.2268,-121.0245,WAT,HYDRO,61767.0,0.0,0.0
CA,10586,2770,35.075,-118.3158,WND,WIND,153820.0,0.0,0.0
CA,430,16534,38.82881,-120.537089,WAT,HYDRO,464031.0,0.0,0.0
CA,531,16534,39.048802,-121.316966,WAT,HYDRO,29529.0,0.0,0.0
CA,58467,17650,32.753333,-115.726389,SUN,SOLAR,335826.0,0.0,0.0
CA,57522,14328,36.425085,-120.343543,SUN,SOLAR,40365.0,0.0,0.0
CA,57027,590,33.858056,-117.861667,NG,GAS,123153.0,79485.975,0.6454245937979587
CA,222,14328,40.085476,-121.148241,WAT,HYDRO,133016.999,0.0,0.0
CA,223,14328,40.085997,-121.149373,WAT,HYDRO,678610.0,0.0,0.0
CA,7527,16534,38.445681,-121.462387,NG,GAS,292516.0,116121.198,0.39697383390993995
CA,10169,3084,33.8759,-118.2491,NG,GAS,24729.0,10731.113,0.43394852197824413
CA,58590,58546,34.157222,-116.234444,SUN,SOLAR,51430.0,0.0,0.0
CA,392,11208,34.587237,-118.656638,WAT,HYDRO,193141.002,0.0,0.0
CA,63385,63142,34.433332,-118.510837,SUN,SOLAR,6370.0,0.0,0.0
CA,57870,57213,35.801111,-119.110556,SUN,SOLAR,1117.0,0.0,0.0
CA,60277,60059,35.211044,-119.387258,SUN,SOLAR,2132.0,0.0,0.0
CA,59334,58468,34.812222,-118.352778,SUN,SOLAR,52435.0,0.0,0.0
CA,57708,57170,34.938261,-118.334492,SUN,SOLAR,247126.0,0.0,0.0
CA,58440,59413,34.145,-118.390833,NG,GAS,8754.0,0.0,0.0
CA,58253,63330,34.075,-118.36,NG,GAS,9455.001,0.0,0.0
CA,57573,56914,37.9978,-122.0697,NG,GAS,21544.0,7466.594,0.34657417378388417
CA,61620,61225,36.06502,-119.55756,SUN,SOLAR,9688.0,0.0,0.0
CA,59748,59512,36.137219,-120.224445,SUN,SOLAR,3025.0,0.0,0.0
CA,61619,61224,38.32272,-121.97062,SUN,SOLAR,2261.0,0.0,0.0
CA,61621,61226,35.60053,-119.40366,SUN,SOLAR,3455.0,0.0,0.0
CA,10631,49899,33.1779,-115.565,GEO,GEOTHERMAL,325434.0,25480.578,0.07829722155644463
CA,55984,49899,33.1669,-115.5114,GEO,GEOTHERMAL,70825.0,5545.401,0.07829722555594776
CA,60077,56769,35.996324,-120.15146,SUN,SOLAR,29848.0,0.0,0.0
CA,60078,56769,35.856278,-119.068414,SUN,SOLAR,46736.0,0.0,0.0
CA,60079,56769,35.844167,-119.068069,SUN,SOLAR,46371.0,0.0,0.0
CA,60080,56769,35.845378,-119.056992,SUN,SOLAR,35219.0,0.0,0.0
CA,60081,56769,35.850403,-119.026992,SUN,SOLAR,46505.0,0.0,0.0
CA,56475,17609,33.9296,-118.1046,NG,GAS,10361.0,7568.76,0.7305047775311264
CA,58430,58427,32.686944,-115.647778,SUN,SOLAR,483717.002,0.0,0.0
CA,60281,63250,34.705549,-118.301417,SUN,SOLAR,8368.0,0.0,0.0
CA,59963,58661,34.720499,-118.30046,SUN,SOLAR,38332.0,0.0,0.0
CA,63439,61939,36.18347,-119.374348,NG,GAS,17721.0,0.0,0.0
CA,58258,10810,33.943889,-118.404167,NG,GAS,32398.0,9693.318,0.2991949503055744
CA,55934,4382,34.0606,-117.3533,NG,GAS,495.0,438.04,0.884929292929293
CA,62378,61980,34.277355,-118.429836,SUN,SOLAR,2686.0,0.0,0.0
CA,62150,61686,34.148139,-117.570404,SUN,SOLAR,6893.0,0.0,0.0
CA,50003,60662,35.0968,-119.4299,NG,GAS,9995.0,4223.737,0.42258499249624815
CA,412,13402,39.177903,-120.890856,WAT,HYDRO,148125.0,0.0,0.0
CA,10175,3476,32.7992,-117.1517,NG,GAS,26570.999,11234.826,0.4228228678944288
CA,225,14328,38.771764,-120.813239,WAT,HYDRO,35121.0,0.0,0.0
CA,56185,55784,37.1073,-120.2485,NG,GAS,12526.0,7596.912,0.6064914577678429
CA,58506,58486,33.568333,-114.918056,SUN,SOLAR,8925.0,0.0,0.0
CA,57011,56302,33.565329,-114.903629,SUN,SOLAR,1807.0,0.0,0.0
CA,55540,20323,32.591667,-117.058611,NG,GAS,3885.0,4050.221,1.042527927927928
CA,63204,62988,36.140764,-119.566896,SUN,SOLAR,658.0,0.0,0.0
CA,59183,58468,36.138056,-119.564722,SUN,SOLAR,46843.0,0.0,0.0
CA,59738,58661,36.723806,-120.432139,SUN,SOLAR,11238.0,0.0,0.0
CA,62052,58871,33.191661,-115.433783,SUN,SOLAR,27408.0,0.0,0.0
CA,58525,58500,37.633526,-122.139717,OBG,BIOMASS,9881.0,158.812,0.0160724623013865
CA,57682,57006,36.9408,-120.1572,SUN,SOLAR,1056.0,0.0,0.0
CA,57714,57033,37.4383,-122.1094,NG,GAS,8.0,6.544,0.818
CA,59329,59129,36.421111,-121.340278,WND,WIND,4314.0,0.0,0.0
CA,59395,59173,36.185,-119.375,SUN,SOLAR,17054.73,0.0,0.0
CA,10623,11216,34.0564,-118.2436,NG,GAS,83920.0,26723.234,0.3184370114394662
CA,56356,16088,33.8912,-117.6085,NG,GAS,8252.76,3495.159,0.42351395169615985
CA,60813,60496,38.769581,-123.020724,SUN,SOLAR,1321.0,0.0,0.0
CA,58949,58812,38.773056,-123.017778,SUN,SOLAR,2053.0,0.0,0.0
CA,6060,9216,33.6758,-116.1714,NG,GAS,5023.0,4763.52,0.9483416285088593
CA,52086,54713,36.1556,-120.3972,NG,GAS,69003.0,20814.628,0.30164816022491775
CA,50750,23005,36.170317,-120.364084,NG,GAS,49604.0,15538.871,0.31325842673977905
CA,57807,56778,38.190705,-122.275067,NG,GAS,397.0,0.0,0.0
CA,58379,58366,35.186667,-120.599444,LFG,BIOMASS,11923.0,0.0,0.0
CA,227,14328,40.404645,-122.121904,WAT,HYDRO,41183.0,0.0,0.0
CA,454,21140,39.330833,-121.191666,WAT,HYDRO,1638632.0,0.0,0.0
CA,60825,60495,33.540124,-115.974771,SUN,SOLAR,187688.0,0.0,0.0
CA,54555,40613,38.144636,-120.380497,WAT,HYDRO,907657.0,0.0,0.0
CA,10661,3953,40.303422,-121.244431,WDS,BIOMASS,12735.0,0.0,0.0
CA,59798,11208,33.792694,-118.252407,SUN,SOLAR,2031.0,0.0,0.0
CA,59597,59345,34.093333,-117.319444,SUN,SOLAR,4561.0,0.0,0.0
CA,59598,59346,34.042222,-117.361667,SUN,SOLAR,1903.0,0.0,0.0
CA,59979,59736,38.019671,-121.86506,SUN,SOLAR,38363.0,0.0,0.0
CA,56532,14328,39.3661,-122.27,NG,GAS,3028361.0,1274560.125,0.4208745671338391
CA,846,13402,39.0096,-121.0591,WAT,HYDRO,7917.999,0.0,0.0
CA,58545,58518,32.982778,-115.481944,SUN,SOLAR,13877.0,0.0,0.0
CA,393,11208,37.437921,-118.556988,WAT,HYDRO,80270.0,0.0,0.0
CA,294,14354,41.978914,-122.335317,WAT,HYDRO,85841.0,0.0,0.0
CA,295,14354,41.975716,-122.358127,WAT,HYDRO,108585.0,0.0,0.0
CA,54299,63235,35.075,-118.3417,WND,WIND,9717.0,0.0,0.0
CA,54298,63235,35.0583,-118.3417,WND,WIND,25544.0,0.0,0.0
CA,54750,63235,35.0663,-118.339444,WND,WIND,11167.0,0.0,0.0
CA,60450,63249,36.102307,-119.566516,SUN,SOLAR,1919.0,0.0,0.0
CA,58374,56769,36.138333,-119.573333,SUN,SOLAR,44698.0,0.0,0.0
CA,59413,56769,36.141944,-119.581667,SUN,SOLAR,48951.0,0.0,0.0
CA,59900,56769,36.15042,-119.58542,SUN,SOLAR,49755.0,0.0,0.0
CA,480,12397,33.85895,-117.6106,WAT,HYDRO,3623.0,0.0,0.0
CA,59638,59393,35.726667,-119.905833,SUN,SOLAR,50686.0,0.0,0.0
CA,59536,59275,34.548056,-117.464444,SUN,SOLAR,2480.0,0.0,0.0
CA,59537,59275,34.548056,-117.464444,SUN,SOLAR,2950.0,0.0,0.0
CA,10875,4397,36.0019,-117.7886,GEO,GEOTHERMAL,279041.001,21848.142,0.07829724636058054
CA,10873,4397,36.0372,-117.7981,GEO,GEOTHERMAL,488618.999,38257.502,0.07829720513999089
CA,10874,4397,36.0192,-117.7917,GEO,GEOTHERMAL,408891.999,32015.101,0.07829720581057395
CA,63638,58622,37.72201,-121.53097,NG,GAS,17862.0,0.0,0.0
CA,55970,16534,38.338475,-121.123978,OG,OFSL,2751173.0,1158205.306,0.42098599615509463
CA,394,11208,36.443421,-118.04389,WAT,HYDRO,1028.0,0.0,0.0
CA,59087,58468,36.134444,-119.554444,SUN,SOLAR,25943.0,0.0,0.0
CA,59086,58468,35.593611,-119.58,SUN,SOLAR,32276.0,0.0,0.0
CA,59703,58468,38.129759,-122.568158,SUN,SOLAR,1320.0,0.0,0.0
CA,62242,61766,32.63266,-117.07775,SUN,SOLAR,2344.0,0.0,0.0
CA,50632,4498,37.3853,-121.141,MSW,BIOMASS,147230.0,161453.604,1.096608055423487
CA,10707,17725,40.8713,-121.9487,WAT,HYDRO,18022.0,0.0,0.0
CA,229,14328,40.570817,-122.02093,WAT,HYDRO,4479.0,0.0,0.0
CA,58170,58140,34.043056,-117.098889,SUN,SOLAR,1514.0,0.0,0.0
CA,55625,49971,38.242158,-121.854722,NG,GAS,11763.0,8133.215,0.6914235314120548
CA,231,14328,39.825907,-121.409687,WAT,HYDRO,371172.0,0.0,0.0
CA,55084,4464,38.0569,-122.2161,NG,GAS,1529666.0,539591.743,0.3527513476798203
CA,58527,58501,32.967222,-115.5325,SUN,SOLAR,1731.0,0.0,0.0
CA,59130,59622,37.921944,-121.755556,SUN,SOLAR,2002.0,0.0,0.0
CA,59129,59622,37.969722,-121.719444,SUN,SOLAR,1483.0,0.0,0.0
CA,63701,62150,37.40553,-121.91676,NG,GAS,9512.0,0.0,0.0
CA,57042,14328,37.658889,-122.059444,NG,GAS,4678.0,0.0,0.0
CA,56813,56028,36.809841,-119.741665,SUN,SOLAR,1485.0,0.0,0.0
CA,62028,61601,33.78104,-118.11357,SUN,SOLAR,7289.0,0.0,0.0
CA,58422,58416,34.243333,-118.530556,SUN,SOLAR,910.0,0.0,0.0
CA,50851,56835,34.161951,-119.047916,NG,GAS,2412.0,976.373,0.40479809286898844
CA,60979,60630,33.87912,-117.8887,SUN,SOLAR,3048.0,0.0,0.0
CA,60978,60630,33.87912,-117.8887,SUN,SOLAR,1650.0,0.0,0.0
CA,58169,58104,33.880638,-117.88656,NG,GAS,33948.001,9746.405,0.2870980532844924
CA,54300,63235,35.0583,-118.3083,WND,WIND,11048.0,0.0,0.0
CA,60043,61112,34.901,-119.596,SUN,SOLAR,103234.0,0.0,0.0
CA,55512,16609,32.796491,-116.972071,NG,GAS,7037.0,4732.811,0.6725608924257496
CA,52081,54713,35.3639,-119.6592,NG,GAS,44826.0,13543.974,0.30214549591754786
CA,52104,54713,35.3633,-119.6756,NG,GAS,72204.0,22432.498,0.31068220597196833
CA,52082,54713,35.346102,-119.643431,NG,GAS,43041.0,13044.568,0.30307306986361837
CA,63486,63226,36.616,-121.636,SUN,SOLAR,3500.0,0.0,0.0
CA,232,14328,39.869265,-121.631819,WAT,HYDRO,54574.0,0.0,0.0
CA,7507,61958,39.53,-121.095833,WAT,HYDRO,4892.0,0.0,0.0
CA,233,14328,39.29807,-120.8443,WAT,HYDRO,16199.0,0.0,0.0
CA,10632,49899,33.1646,-115.616,GEO,GEOTHERMAL,311408.0,24382.367,0.07829717605199608
CA,58122,20323,35.790864,-119.294469,NG,GAS,6710.0,4545.238,0.6773827123695977
CA,61116,60728,35.761217,-119.344408,SUN,SOLAR,2023.0,0.0,0.0
CA,55333,5030,38.0169,-121.8439,NG,GAS,3533557.0,1500755.156,0.4247151400133067
CA,58119,62034,38.515,-121.398333,SUN,SOLAR,5662.0,0.0,0.0
CA,60861,60518,38.565,-121.343,SUN,SOLAR,5223.0,0.0,0.0
CA,57959,49893,33.27055,-116.34805,SUN,SOLAR,15478.0,0.0,0.0
CA,58514,57365,33.923056,-116.53,SUN,SOLAR,6252.0,0.0,0.0
CA,58542,58290,33.8055,-115.3947,SUN,SOLAR,603731.999,0.0,0.0
CA,57993,58289,33.823056,-115.393889,SUN,SOLAR,695267.003,0.0,0.0
CA,10300,3998,33.586,-116.0873,WDS,BIOMASS,342298.0,3703.849,0.010820539413026077
CA,436,3255,34.2056,-117.3344,WAT,HYDRO,1249345.0,0.0,0.0
CA,6099,14328,35.211536,-120.855542,NUC,NUCLEAR,16165384.0,0.0,0.0
CA,56271,61728,37.763653,-121.614392,WND,WIND,54003.0,0.0,0.0
CA,7942,12397,33.6808,-117.0698,WAT,HYDRO,18104.004,0.0,0.0
CA,59405,59176,33.713056,-117.0725,SUN,SOLAR,2414.0,0.0,0.0
CA,54681,2770,33.898856,-116.57281,WND,WIND,204.0,0.0,0.0
CA,54682,2770,33.893685,-116.567811,WND,WIND,33.0,0.0,0.0
CA,54685,2770,33.887401,-116.578231,WND,WIND,5805.0,0.0,0.0
CA,54686,2770,35.0506,-118.1714,WND,WIND,23451.0,0.0,0.0
CA,56791,15399,33.9393,-116.5527,WND,WIND,146963.0,0.0,0.0
CA,10005,9397,37.0478,-121.1708,WND,WIND,13972.0,0.0,0.0
CA,57827,58661,36.538056,-119.426388,SUN,SOLAR,1594.0,0.0,0.0
CA,380,16612,37.896649,-119.9675,WAT,HYDRO,608291.0,0.0,0.0
CA,62571,57128,34.083387,-118.43378,NG,GAS,7374.0,0.0,0.0
CA,59094,60947,34.708333,-118.130556,SUN,SOLAR,3095.0,0.0,0.0
CA,59095,60947,34.708333,-118.130556,SUN,SOLAR,1938.0,0.0,0.0
CA,59096,60947,34.708333,-118.130556,SUN,SOLAR,2013.0,0.0,0.0
CA,54449,60637,35.220833,-119.583056,NG,GAS,47785.0,17539.086,0.36704166579470543
CA,52064,59409,33.8431,-118.2347,WH,OTHF,12074.0,0.0,0.0
CA,439,19281,37.695994,-120.420152,WAT,HYDRO,359340.001,0.0,0.0
CA,56026,16655,37.3767,-121.9508,NG,GAS,659073.0,312679.703,0.47442347509304733
CA,415,13935,38.246656,-120.034072,WAT,HYDRO,302325.0,0.0,0.0
CA,50493,60662,35.5005,-119.046,NG,GAS,16414.0,10301.784,0.6276217862800049
CA,55935,4382,34.0609,-117.3532,NG,GAS,414.0,366.68,0.8857004830917875
CA,585,9216,32.711611,-114.942666,WAT,HYDRO,8241.999,0.0,0.0
CA,385,9216,32.705435,-115.030975,WAT,HYDRO,40000.0,0.0,0.0
CA,386,9216,32.705428,-115.126103,WAT,HYDRO,41002.0,0.0,0.0
CA,387,9216,32.705341,-115.219067,WAT,HYDRO,84947.0,0.0,0.0
CA,314,9216,32.673097,-115.392026,WAT,HYDRO,10382.0,0.0,0.0
CA,235,14328,39.256873,-120.767437,WAT,HYDRO,73340.0,0.0,0.0
CA,236,14328,39.257388,-120.767046,WAT,HYDRO,278490.0,0.0,0.0
CA,59746,59512,36.13726,-120.218453,SUN,SOLAR,4666.0,0.0,0.0
CA,54238,56652,37.943633,-121.330433,WDS,BIOMASS,375552.0,0.0,0.0
CA,60182,57104,34.030119,-117.517753,SUN,SOLAR,2557.0,0.0,0.0
CA,237,14328,39.216985,-120.835587,WAT,HYDRO,67004.0,0.0,0.0
CA,413,13402,39.2184,-120.8352,WAT,HYDRO,100439.0,0.0,0.0
CA,57301,2770,33.8942,-116.5603,WND,WIND,20236.0,0.0,0.0
CA,6211,54803,37.79675,-122.28185,JF,OIL,4251.0,5637.027,1.3260472829922372
CA,10776,5533,34.1958,-119.1664,NG,GAS,155051.0,68333.685,0.4407174736054588
CA,60446,63249,35.534584,-119.060029,SUN,SOLAR,2018.0,0.0,0.0
CA,59132,59622,34.9325,-117.907222,SUN,SOLAR,2482.0,0.0,0.0
CA,59133,59622,34.917222,-117.900278,SUN,SOLAR,2475.0,0.0,0.0
CA,63078,60059,35.214023,-119.39522,SUN,SOLAR,66.0,0.0,0.0
CA,586,9216,32.699451,-115.28245,WAT,HYDRO,3214.0,0.0,0.0
CA,50375,30076,34.2619,-118.6242,WAT,HYDRO,5577.0,0.0,0.0
CA,50820,2770,33.890913,-116.541515,WND,WIND,6411.0,0.0,0.0
CA,54453,57170,38.1167,-121.8333,WND,WIND,12660.0,0.0,0.0
CA,50553,61208,33.881667,-116.460278,WND,WIND,28500.0,0.0,0.0
CA,437,3255,39.542985,-121.492188,WAT,HYDRO,2662842.999,0.0,0.0
CA,58076,59622,34.9077,-117.9206,SUN,SOLAR,2481.0,0.0,0.0
CA,57001,56275,32.796106,-116.972073,NG,GAS,8835.0,5882.737,0.6658445953593661
CA,389,9216,32.802222,-115.54,NG,GAS,638280.0,319840.114,0.5010968759791941
CA,238,25915,38.793574,-120.619152,WAT,HYDRO,85648.0,0.0,0.0
CA,56707,55952,37.1867,-120.4903,WDS,BIOMASS,46593.0,448.212,0.009619728285364754
CA,330,13584,33.910556,-118.425,NG,GAS,516626.0,275353.148,0.5329835277357314
CA,10213,3452,33.9058,-118.4031,NG,GAS,1260654.0,765783.743,0.607449580138563
CA,239,14328,38.330985,-120.669901,WAT,HYDRO,316582.0,0.0,0.0
CA,59964,58661,34.730263,-118.30425,SUN,SOLAR,110729.0,0.0,0.0
CA,55400,34164,35.280318,-119.470707,NG,GAS,3845666.0,1323934.134,0.3442665416081376
CA,8076,15908,34.431419,-119.900055,NG,GAS,3533.0,3086.046,0.873491650155675
CA,10634,49899,33.1777,-115.6033,GEO,GEOTHERMAL,363093.0,28429.168,0.07829720760245998
CA,10026,5901,33.1165,-117.3215,OBG,BIOMASS,14522.0,634.488,0.043691502547858425
CA,58168,58105,34.063056,-117.163889,NG,GAS,3186.0,1582.853,0.4968151286880101
CA,59122,58944,36.831667,-121.404167,SUN,SOLAR,3391.0,0.0,0.0
CA,59978,60496,39.69898,-122.175583,SUN,SOLAR,3540.0,0.0,0.0
CA,50530,55985,33.791667,-118.234722,PRG,OTHF,363852.81,120469.036,0.3310927734761757
CA,62671,62150,37.415092,-122.05211,NG,GAS,37499.0,0.0,0.0
CA,62704,62150,33.9212,-118.38453,NG,GAS,7407.0,0.0,0.0
CA,62702,62150,37.24097,-121.78259,NG,GAS,36982.0,0.0,0.0
CA,62703,62150,37.38846,-121.88896,NG,GAS,28972.0,0.0,0.0
CA,62705,62150,33.92542,-118.39463,NG,GAS,7411.0,0.0,0.0
CA,60223,57128,37.241713,-121.781363,NG,GAS,7358.0,0.0,0.0
CA,63704,62150,37.24212,-121.78308,NG,GAS,6175.0,0.0,0.0
CA,63705,62150,37.37816,-121.95495,NG,GAS,40579.0,0.0,0.0
CA,63708,62150,37.24187,-121.7816,NG,GAS,32088.0,0.0,0.0
CA,55538,20323,33.1261,-117.1172,NG,GAS,17393.0,10766.193,0.618995745414822
CA,745,12397,34.10345,-117.5257,WAT,HYDRO,66132.0,0.0,0.0
CA,409,12312,37.584345,-120.26859,WAT,HYDRO,343405.0,0.0,0.0
CA,58306,58268,36.2675,-119.128581,SUN,SOLAR,6658.999,0.0,0.0
CA,58761,58661,34.582222,-117.341667,SUN,SOLAR,4845.0,0.0,0.0
CA,58762,58661,34.583333,-117.340278,SUN,SOLAR,4269.0,0.0,0.0
CA,58763,58661,34.584444,-117.341389,SUN,SOLAR,3579.0,0.0,0.0
CA,63604,57128,37.237,-121.78532,NG,GAS,5494.0,0.0,0.0
CA,63607,57128,37.23811,-121.78532,NG,GAS,7956.0,0.0,0.0
CA,58261,58238,38.559533,-121.257556,SUN,SOLAR,1435.0,0.0,0.0
CA,10052,54788,40.7995,-124.2028,WDS,BIOMASS,64550.0,5068.429,0.0785194268009295
CA,296,14354,41.985605,-122.360455,WAT,HYDRO,6046.0,0.0,0.0
CA,59203,58593,36.19,-119.12,SUN,SOLAR,7962.0,0.0,0.0
CA,55847,2867,39.109344,-121.60931,NG,GAS,12321.0,8966.013,0.7277017287557829
CA,59523,59258,36.386944,-120.236667,SUN,SOLAR,144532.0,0.0,0.0
CA,57498,14328,36.400278,-120.103333,SUN,SOLAR,26209.0,0.0,0.0
CA,62575,57128,37.417288,-121.894109,NG,GAS,6983.0,0.0,0.0
CA,441,2518,38.70675,-121.158443,WAT,HYDRO,774281.001,0.0,0.0
CA,61698,58970,38.687,-121.16,SUN,SOLAR,1568.0,0.0,0.0
CA,332,17609,34.155162,-117.397119,WAT,HYDRO,4780.0,0.0,0.0
CA,6645,12397,34.5148,-118.6092,WAT,HYDRO,44336.0,0.0,0.0
CA,417,14191,39.551012,-121.278784,WAT,HYDRO,157783.0,0.0,0.0
CA,59651,11208,34.071389,-118.196111,SUN,SOLAR,1870.0,0.0,0.0
CA,50350,8530,39.869284,-121.631865,WAT,HYDRO,53300.0,0.0,0.0
CA,10342,6659,38.0244,-122.0589,NG,GAS,691779.0,239628.506,0.34639459422734714
CA,57791,56930,38.232222,-122.092778,WND,WIND,2729.0,0.0,0.0
CA,61442,61070,36.464,-121.382,WND,WIND,5557.0,0.0,0.0
CA,61066,60690,34.691,-118.221,WND,WIND,4532.0,0.0,0.0
CA,58102,57476,34.623056,-117.1125,WND,WIND,3862.0,0.0,0.0
CA,58112,57484,38.692778,-121.9325,WND,WIND,1718.0,0.0,0.0
CA,58101,57476,34.561944,-117.307222,WND,WIND,3220.0,0.0,0.0
CA,57792,56930,34.084722,-117.529444,WND,WIND,43.0,0.0,0.0
CA,61443,61070,36.504,-121.454,WND,WIND,4186.0,0.0,0.0
CA,58114,57484,33.914167,-116.749167,WND,WIND,18387.001,0.0,0.0
CA,58113,57484,33.917222,-116.815,WND,WIND,8716.0,0.0,0.0
CA,61444,61070,36.474,-121.371,WND,WIND,5464.0,0.0,0.0
CA,61067,60690,36.274508,-121.191589,WND,WIND,4040.0,0.0,0.0
CA,57626,56930,37.714167,-121.521666,WND,WIND,2693.0,0.0,0.0
CA,58104,57476,38.42,-121.818056,WND,WIND,1479.0,0.0,0.0
CA,58105,57476,40.111111,-122.193889,WND,WIND,1616.0,0.0,0.0
CA,57201,56555,38.163581,-121.79661,WND,WIND,87517.0,0.0,0.0
CA,62287,61812,33.8482,-118.3055,SUN,SOLAR,2204.0,0.0,0.0
CA,50219,19281,37.830378,-120.806972,WAT,HYDRO,12640.0,0.0,0.0
CA,57809,57128,37.5425,-122.292778,NG,GAS,635.0,0.0,0.0
CA,60183,57104,33.892614,-118.037564,SUN,SOLAR,2758.0,0.0,0.0
CA,424,15127,39.077971,-120.406069,WAT,HYDRO,84621.0,0.0,0.0
CA,10156,20323,36.617022,-120.099846,NG,GAS,7827.0,3185.239,0.40695528299476175
CA,60083,20323,36.616846,-120.105144,SUN,SOLAR,6223.0,0.0,0.0
CA,50393,25438,36.997694,-119.703451,WAT,HYDRO,178915.0,0.0,0.0
CA,10110,15743,35.395063,-119.321633,NG,GAS,24030.0,9814.997,0.40844764877236783
CA,62275,61798,35.41824,-119.14888,SUN,SOLAR,2630.0,0.0,0.0
CA,60039,59776,37.379919,-121.130661,SUN,SOLAR,52092.0,0.0,0.0
CA,57506,61219,38.4869,-121.3911,SUN,SOLAR,3083.0,0.0,0.0
CA,58083,57463,33.861667,-117.893056,NG,GAS,60838.0,20383.128,0.3350394161543772
CA,58320,56440,38.314722,-121.833611,LFG,BIOMASS,12786.0,0.0,0.0
CA,57133,56440,39.0728,-121.3992,LFG,BIOMASS,26775.0,0.0,0.0
CA,56909,61944,36.7839,-119.7094,SUN,SOLAR,1010.0,0.0,0.0
CA,58528,58503,33.8906,-116.5431,SUN,SOLAR,4429.0,0.0,0.0
CA,57302,2770,33.9053,-116.5825,WND,WIND,13972.0,0.0,0.0
CA,50492,16764,32.679172,-117.246698,OBG,BIOMASS,11101.0,0.0,0.0
CA,61445,17650,34.832786,-118.563578,SUN,SOLAR,52494.0,0.0,0.0
CA,57892,14328,36.176389,-120.114167,SUN,SOLAR,33235.0,0.0,0.0
CA,56476,14328,38.0175,-121.7587,NG,GAS,2872858.0,1251996.5,0.4358017347185277
CA,61993,61872,37.003832,-121.593567,SUN,SOLAR,4401.0,0.0,0.0
CA,63714,62150,33.21086,-117.299,NG,GAS,16338.0,0.0,0.0
CA,60844,60947,38.390756,-121.94777,SUN,SOLAR,12499.0,0.0,0.0
CA,60231,60947,33.211095,-117.299593,SUN,SOLAR,6641.0,0.0,0.0
CA,57394,56723,33.665,-114.998055,SUN,SOLAR,617043.0,0.0,0.0
CA,10763,34691,32.7757,-115.2637,GEO,GEOTHERMAL,76021.0,5952.239,0.07829729943042053
CA,7368,40613,38.752,-122.7195,GEO,GEOTHERMAL,324594.0,37613.93,0.11587993000486763
CA,7369,40613,38.7492,-122.7117,GEO,GEOTHERMAL,331152.0,38373.832,0.115879813499541
CA,286,7160,38.777,-122.745,GEO,GEOTHERMAL,4351428.998,504242.891,0.11587983883725547
CA,7231,16655,37.401,-121.96867,NG,GAS,4574.0,457.328,0.0999842588543944
CA,57521,14328,36.530278,-120.316111,SUN,SOLAR,17464.0,0.0,0.0
CA,59522,59257,36.544722,-120.316111,SUN,SOLAR,31787.0,0.0,0.0
CA,55810,3028,36.999,-121.5363,NG,GAS,26676.999,18168.303,0.6810474821399514
CA,422,14534,34.126,-118.1494,NG,GAS,64960.69,38036.638,0.5855331585917576
CA,60974,7294,34.162327,-118.283684,MWH,OTHF,15.0,0.0,0.0
CA,54749,22269,33.1185,-117.0995,NG,GAS,8494.0,3667.579,0.4317846715328467
CA,59328,59129,32.702107,-116.354587,WND,WIND,4297.0,0.0,0.0
CA,60590,60352,34.839012,-118.386843,SUN,SOLAR,148940.0,0.0,0.0
CA,61222,60811,37.769189,-121.630163,WND,WIND,170581.0,0.0,0.0
CA,60049,59780,37.713311,-121.640353,WND,WIND,287655.0,0.0,0.0
CA,57796,57104,33.914167,-118.053611,SUN,SOLAR,1631.0,0.0,0.0
CA,57797,57104,33.911944,-118.052222,SUN,SOLAR,1925.0,0.0,0.0
CA,55627,49970,38.226752,-121.843271,NG,GAS,11509.0,8168.403,0.7097404639847077
CA,10128,8787,40.37,-123.4347,WAT,HYDRO,5486.0,0.0,0.0
CA,50552,61728,33.914986,-116.71026,WND,WIND,47929.0,0.0,0.0
CA,60516,59462,33.2704,-117.0588,SUN,SOLAR,7198.0,0.0,0.0
CA,56472,17609,34.0903,-117.5343,NG,GAS,6993.0,5636.892,0.806076362076362
CA,58217,56751,38.500278,-121.694167,SUN,SOLAR,3806.0,0.0,0.0
CA,58204,56751,38.500278,-121.694167,SUN,SOLAR,4584.0,0.0,0.0
CA,377,7294,34.1556,-118.2782,NG,GAS,80469.0,71974.646,0.894439423877518
CA,59940,56769,36.581182,-120.37957,SUN,SOLAR,544727.001,0.0,0.0
CA,57849,57177,38.282021,-121.464676,SUN,SOLAR,6330.0,0.0,0.0
CA,57850,57177,38.28357,-121.461264,SUN,SOLAR,2160.0,0.0,0.0
CA,61339,58661,34.688042,-117.989541,SUN,SOLAR,7651.0,0.0,0.0
CA,61215,58661,34.597,-117.931,SUN,SOLAR,7672.0,0.0,0.0
CA,61216,58661,34.654976,-118.08215,SUN,SOLAR,7413.0,0.0,0.0
CA,55396,49750,33.9014,-116.7167,WND,WIND,16223.0,0.0,0.0
CA,10350,59879,39.052922,-121.696072,NG,GAS,8811.0,3657.822,0.41514266258086485
CA,58370,58358,39.373333,-121.684167,SUN,SOLAR,1469.0,0.0,0.0
CA,58371,58358,39.373333,-121.681667,SUN,SOLAR,4155.0,0.0,0.0
CA,10115,7726,32.77973,-117.006397,NG,GAS,24948.0,8428.31,0.3378350970017637
CA,62987,62854,32.816542,-116.999589,SUN,SOLAR,1657.0,0.0,0.0
CA,62690,62628,37.269039,-121.861079,SUN,SOLAR,3034.0,0.0,0.0
CA,57891,14328,36.163889,-119.650556,SUN,SOLAR,43083.0,0.0,0.0
CA,56039,19798,33.9986,-118.2219,NG,GAS,3544.0,2779.212,0.7842020316027088
CA,240,14328,36.927424,-119.02025,WAT,HYDRO,650136.0,0.0,0.0
CA,241,14328,38.956985,-121.041932,WAT,HYDRO,41231.0,0.0,0.0
CA,59300,59104,36.306667,-119.629167,SUN,SOLAR,5752.0,0.0,0.0
CA,55698,7724,36.270072,-119.648055,NG,GAS,10679.0,7775.494,0.7281106845210226
CA,50541,8303,33.7771,-118.2303,NG,GAS,6771.0,5470.923,0.8079933540097474
CA,399,11208,33.7706,-118.2656,NG,GAS,103232.0,66564.841,0.6448082086949783
CA,243,14328,40.929297,-121.544462,WAT,HYDRO,34424.0,0.0,0.0
CA,244,14328,40.960675,-121.548657,WAT,HYDRO,43089.0,0.0,0.0
CA,10882,12239,40.874144,-121.920428,WAT,HYDRO,23915.0,0.0,0.0
CA,56654,56545,40.8981,-121.8036,WND,WIND,252365.0,0.0,0.0
CA,400,11208,33.764741,-118.09913,NG,GAS,2926943.998,1305506.975,0.44603073235841256
CA,10253,56531,39.565677,-120.581684,WAT,HYDRO,15505.0,0.0,0.0
CA,59009,58661,35.325278,-118.878611,SUN,SOLAR,64022.0,0.0,0.0
CA,54689,49748,32.7146,-115.518,GEO,GEOTHERMAL,338754.0,0.0,0.0
CA,58398,60898,32.7125,-115.540556,SUN,SOLAR,26019.0,0.0,0.0
CA,59315,58661,35.269444,-118.014444,SUN,SOLAR,137922.0,0.0,0.0
CA,59316,58661,35.253056,-118.014722,SUN,SOLAR,138199.0,0.0,0.0
CA,59317,58661,35.253611,-118.026944,SUN,SOLAR,122915.0,0.0,0.0
CA,57831,57154,34.65434,-117.971004,SUN,SOLAR,2327.0,0.0,0.0
CA,62689,62628,37.286958,-121.81508,SUN,SOLAR,3653.0,0.0,0.0
CA,56275,56899,35.0925,-118.3952,WND,WIND,2037.0,0.0,0.0
CA,52165,61444,35.0908,-118.3936,WND,WIND,1312.0,0.0,0.0
CA,55807,7724,36.2397,-119.9044,NG,GAS,30535.0,20450.143,0.6697279515310299
CA,58975,17650,36.218806,-119.805833,SUN,SOLAR,236393.0,0.0,0.0
CA,59182,59139,34.435,-117.378056,SUN,SOLAR,3012.0,0.0,0.0
CA,162,19281,37.621536,-120.746247,WAT,HYDRO,4173.0,0.0,0.0
CA,55518,60431,34.5953,-117.3647,NG,GAS,3337426.0,1496800.156,0.4484893915250855
CA,57977,57353,40.4128,-120.4774,NG,GAS,31553.0,11568.42,0.3666345513897252
CA,50495,60662,35.509041,-119.030546,NG,GAS,16792.0,9003.292,0.5361655550262029
CA,56075,8565,38.1381,-121.8053,WND,WIND,296582.0,0.0,0.0
CA,10777,56866,40.368338,-120.264848,WDS,BIOMASS,188963.0,1203.018,0.006366420939549013
CA,62655,62131,40.373,-120.262,SUN,SOLAR,4086.0,0.0,0.0
CA,58223,58195,33.622778,-117.936389,NG,GAS,8519.001,3961.023,0.46496332140353075
CA,59268,59091,36.8625,-121.428889,SUN,SOLAR,3825.0,0.0,0.0
CA,58300,57128,33.838056,-118.315,NG,GAS,5834.0,0.0,0.0
CA,58452,58440,34.708889,-118.274167,SUN,SOLAR,3593.0,0.0,0.0
CA,58432,58429,34.179722,-119.083056,NG,GAS,50579.001,25540.374,0.5049600327218801
CA,246,14328,40.7415,-124.2103,NG,GAS,405186.0,208023.418,0.5134022843829747
CA,50049,60153,40.4728,-124.1014,WDS,BIOMASS,122827.0,630.941,0.005136826593501429
CA,57523,14328,36.181389,-120.030555,SUN,SOLAR,39941.0,0.0,0.0
CA,60960,60396,33.9254,-118.4298,OBG,BIOMASS,158262.999,17741.902,0.1121039163424421
CA,58028,57389,34.975278,-118.946944,SUN,SOLAR,2241.0,0.0,0.0
CA,63603,57128,32.87302,-117.19968,NG,GAS,7914.0,0.0,0.0
CA,57490,56819,32.663289,-115.658284,SUN,SOLAR,281501.0,0.0,0.0
CA,57491,57260,32.772225,-115.779311,SUN,SOLAR,394891.0,0.0,0.0
CA,59657,58468,33.252222,-115.4975,SUN,SOLAR,47353.0,0.0,0.0
CA,58062,9216,33.245833,-115.496667,SUN,SOLAR,47504.0,0.0,0.0
CA,56917,56167,32.671099,-115.587265,SUN,SOLAR,273644.001,0.0,0.0
CA,57895,57262,35.402778,-119.038611,SUN,SOLAR,1557.0,0.0,0.0
CA,50129,22079,39.0788,-122.535556,WAT,HYDRO,8285.0,0.0,0.0
CA,55541,49981,33.910873,-116.552994,NG,GAS,34089.0,21945.165,0.6437608906098742
CA,57860,57194,34.008661,-117.845603,SUN,SOLAR,2775.0,0.0,0.0
CA,58609,58661,34.553056,-117.456944,SUN,SOLAR,4189.0,0.0,0.0
CA,55853,9155,33.738839,-117.170369,NG,GAS,33125.0,14709.386,0.4440569358490566
CA,58086,60947,38.645119,-121.172999,SUN,SOLAR,1514.0,0.0,0.0
CA,58954,60947,38.643611,-121.163889,SUN,SOLAR,1580.0,0.0,0.0
CA,61152,60947,38.645961,-121.162623,SUN,SOLAR,8130.0,0.0,0.0
CA,60224,57128,37.384745,-121.963808,NG,GAS,7458.0,0.0,0.0
CA,297,14354,41.932981,-122.43678,WAT,HYDRO,101368.0,0.0,0.0
CA,58513,58490,33.565,-114.918056,SUN,SOLAR,9333.0,0.0,0.0
CA,10139,9439,35.6439,-118.4822,WAT,HYDRO,45617.0,0.0,0.0
CA,57841,59139,33.921667,-118.124444,SUN,SOLAR,1216.0,0.0,0.0
CA,57840,59139,32.791667,-117.095277,SUN,SOLAR,1442.0,0.0,0.0
CA,58307,58268,36.3875,-119.255,SUN,SOLAR,6592.999,0.0,0.0
CA,57074,57499,35.533056,-115.4525,SUN,SOLAR,243037.0,22140.699,0.09110011644317532
CA,57073,57499,35.556111,-115.468611,SUN,SOLAR,271642.0,29296.699,0.10785040236782235
CA,57075,57499,35.580833,-115.4825,SUN,SOLAR,257535.0,22514.0,0.08742112722542567
CA,61692,60059,32.83186,-115.506629,SUN,SOLAR,4090.0,0.0,0.0
CA,104,17609,37.147926,-119.2567,WAT,HYDRO,254677.0,0.0,0.0
CA,58216,58183,37.806944,-121.2775,WH,OTHF,11624.0,0.0,0.0
CA,60947,60639,32.6212,-116.12896,SUN,SOLAR,44139.0,0.0,0.0
CA,249,14328,40.992295,-121.975182,WAT,HYDRO,679587.0,0.0,0.0
CA,431,16534,38.83405,-120.53176,WAT,HYDRO,644020.0,0.0,0.0
CA,57475,56791,33.204635,-115.573303,GEO,GEOTHERMAL,440113.0,34459.605,0.07829717595253947
CA,534,16534,38.850283,-120.381883,WAT,HYDRO,11541.0,0.0,0.0
CA,63711,62150,37.4124,-122.024,NG,GAS,4904.0,0.0,0.0
CA,442,2518,40.646934,-122.626973,WAT,HYDRO,263352.0,0.0,0.0
CA,58301,57128,37.406944,-122.026944,NG,GAS,6970.0,0.0,0.0
CA,62699,62150,37.95169,-121.77182,NG,GAS,9776.0,0.0,0.0
CA,58128,56778,33.919167,-118.128611,LFG,BIOMASS,5470.0,0.0,0.0
CA,62698,62150,33.85098,-117.84531,NG,GAS,17217.0,0.0,0.0
CA,62701,62150,38.25477,-122.27305,NG,GAS,34619.0,0.0,0.0
CA,58132,56778,34.0325,-117.608889,OBG,BIOMASS,7635.0,0.0,0.0
CA,62700,62150,37.69923,-121.89419,NG,GAS,7440.0,0.0,0.0
CA,10718,16630,33.92194,-116.56222,WND,WIND,30699.0,0.0,0.0
CA,336,17609,36.461326,-118.87988,WAT,HYDRO,8336.0,0.0,0.0
CA,338,17609,36.486059,-118.835645,WAT,HYDRO,21939.0,0.0,0.0
CA,10042,10077,36.3275,-119.2947,NG,GAS,19392.0,19365.945,0.9986564047029702
CA,59280,57128,37.356389,-121.871944,NG,GAS,6594.0,0.0,0.0
CA,418,14191,39.531784,-121.491247,WAT,HYDRO,59921.0,0.0,0.0
CA,682,14328,37.071846,-119.558008,WAT,HYDRO,668481.0,0.0,0.0
CA,50494,60662,35.51647,-119.040128,NG,GAS,13686.0,8451.372,0.6175195089872862
CA,58100,57477,35.295556,-118.918333,NG,GAS,35923.0,28791.471,0.8014773543412299
CA,340,17609,35.460303,-118.77959,WAT,HYDRO,173613.0,0.0,0.0
CA,339,17609,35.776185,-118.436233,WAT,HYDRO,211527.0,0.0,0.0
CA,10496,10203,35.4515,-118.9849,NG,GAS,631135.0,214587.096,0.3400018949986928
CA,52107,54713,35.4406,-118.9617,NG,GAS,258489.0,75412.25,0.2917425886594787
CA,443,2518,40.611858,-122.446441,WAT,HYDRO,355962.0,0.0,0.0
CA,59098,60947,34.700278,-118.123611,SUN,SOLAR,2058.0,0.0,0.0
CA,59099,60947,34.700278,-118.123611,SUN,SOLAR,1901.0,0.0,0.0
CA,59633,59381,36.050833,-119.9475,SUN,SOLAR,53218.0,0.0,0.0
CA,58510,58135,38.12139,-121.14122,SUN,SOLAR,2640.0,0.0,0.0
CA,55766,16546,38.5136,-121.1944,LFG,BIOMASS,68961.0,0.0,0.0
CA,253,14328,40.677827,-121.873253,WAT,HYDRO,2253.0,0.0,0.0
CA,61628,61227,32.936137,-117.234157,SUN,SOLAR,6718.0,0.0,0.0
CA,55811,2865,36.224758,-121.124633,NG,GAS,6056.0,3967.273,0.6550979194187583
CA,10294,2938,36.225,-121.1278,NG,GAS,161447.0,9915.486,0.06141635335435159
CA,59868,61230,34.819,-118.432,SUN,SOLAR,57448.0,0.0,0.0
CA,60091,61230,34.824206,-118.438547,SUN,SOLAR,54746.0,0.0,0.0
CA,6518,57222,39.245833,-120.027222,DFO,OIL,280.002,598.668,2.1380847279662287
CA,254,14328,36.888166,-119.158777,WAT,HYDRO,122290.0,0.0,0.0
CA,10405,10337,36.5397,-119.5794,NG,GAS,3466.0,2021.874,0.5833450663589151
CA,58304,58269,36.505278,-119.540278,SUN,SOLAR,7112.0,0.0,0.0
CA,57009,61219,34.094695,-117.266831,SUN,SOLAR,1368.0,0.0,0.0
CA,63712,62150,37.70649,-122.16471,NG,GAS,12160.0,0.0,0.0
CA,63716,62150,33.7902,-118.29431,NG,GAS,13166.0,0.0,0.0
CA,56295,50123,32.705556,-116.3425,WND,WIND,156884.0,0.0,0.0
CA,10720,9948,32.819675,-117.140548,NG,GAS,12087.0,8597.717,0.7113193513692397
CA,57836,57159,34.654347,-117.973103,SUN,SOLAR,2692.0,0.0,0.0
CA,440,19281,37.6697,-120.4436,WAT,HYDRO,10749.0,0.0,0.0
CA,58118,62060,36.678611,-119.7975,SUN,SOLAR,2103.0,0.0,0.0
CA,55151,61173,35.2956,-119.5919,NG,GAS,1036441.0,456353.16,0.44030789982256585
CA,58960,58824,38.368889,-122.765833,OBG,BIOMASS,15239.0,882.982,0.05794225342870267
CA,7987,2507,34.1772,-118.3147,NG,GAS,15995.0,10039.606,0.6276715223507346
CA,6644,12397,33.8553,-117.4537,WAT,HYDRO,3733.0,0.0,0.0
CA,7489,19397,39.197222,-123.185556,WAT,HYDRO,13804.0,0.0,0.0
CA,55626,49972,38.221577,-121.868333,NG,GAS,12245.0,8757.432,0.7151843201306657
CA,62056,61633,34.743383,-117.972222,SUN,SOLAR,7641.0,0.0,0.0
CA,58634,60947,34.695833,-118.058889,SUN,SOLAR,2053.0,0.0,0.0
CA,58750,58661,34.716944,-118.289444,SUN,SOLAR,12975.0,0.0,0.0
CA,59262,58661,34.599444,-117.932778,SUN,SOLAR,12671.0,0.0,0.0
CA,59167,58976,34.715,-118.095,SUN,SOLAR,3358.0,0.0,0.0
CA,59169,58976,34.710556,-118.166111,SUN,SOLAR,3354.0,0.0,0.0
CA,59739,58661,34.780192,-118.19333,SUN,SOLAR,7403.0,0.0,0.0
CA,55542,49981,32.567041,-116.944197,NG,GAS,52624.0,32771.304,0.6227444512009729
CA,58963,60947,34.136111,-118.701944,SUN,SOLAR,1666.0,0.0,0.0
CA,61792,61417,38.194599,-122.663388,SUN,SOLAR,1931.0,0.0,0.0
CA,60142,59937,36.257938,-119.798139,SUN,SOLAR,1381.0,0.0,0.0
CA,62274,61798,35.364408,-119.127496,SUN,SOLAR,2651.0,0.0,0.0
CA,59279,57128,37.643889,-121.884167,NG,GAS,7224.0,0.0,0.0
CA,58302,57128,33.137222,-117.286944,NG,GAS,6977.0,0.0,0.0
CA,57988,57362,38.838056,-121.341944,LFG,BIOMASS,24402.0,0.002,8.196049504139005e-08
CA,60060,59791,32.729238,-117.207718,SUN,SOLAR,4928.0,0.0,0.0
CA,60984,60618,32.729444,-117.205083,SUN,SOLAR,4926.0,0.0,0.0
CA,58308,58268,36.211944,-119.133889,SUN,SOLAR,7379.0,0.0,0.0
CA,60026,63249,34.600231,-117.94751,SUN,SOLAR,7762.0,0.0,0.0
CA,54768,60662,35.4837,-119.0298,NG,GAS,14749.0,3958.783,0.2684102651027188
CA,57808,57128,37.413056,-122.028056,NG,GAS,5929.0,0.0,0.0
CA,7451,40613,38.146571,-121.300541,NG,GAS,497.0,484.154,0.9741529175050302
CA,57978,40613,38.088056,-121.3875,NG,GAS,1189331.0,502500.312,0.42250669662188234
CA,10206,11161,34.050391,-117.248417,NG,GAS,58388.0,20530.968,0.35162992395697745
CA,58417,58413,34.398059,-116.865517,SUN,SOLAR,23814.0,0.0,0.0
CA,59237,59041,34.408333,-116.8625,SUN,SOLAR,46118.0,0.0,0.0
CA,341,13584,33.7641,-118.2248,NG,GAS,14582.0,14465.395,0.9920034974626252
CA,60485,60271,34.541,-117.061,SUN,SOLAR,52482.0,0.0,0.0
CA,432,16534,38.982697,-120.324503,WAT,HYDRO,110999.0,0.0,0.0
CA,54451,38215,33.7686,-118.2867,PRG,OTHF,389956.0,120776.464,0.3097181835899435
CA,55748,2860,37.425,-121.9319,NG,GAS,215552.0,108599.938,0.5038224558343231
CA,55217,2843,38.030071,-121.873004,NG,GAS,2707149.0,1068609.442,0.3947361013376065
CA,10708,17725,40.7576,-121.4145,WAT,HYDRO,6497.0,0.0,0.0
CA,52077,164,35.666111,-119.766944,NG,GAS,43631.001,16961.799,0.38875566939204537
CA,58711,17650,35.62,-119.85,SUN,SOLAR,85405.0,0.0,0.0
CA,342,17609,38.042729,-119.172015,WAT,HYDRO,13212.0,0.0,0.0
CA,58451,58440,34.695278,-118.0625,SUN,SOLAR,3617.0,0.0,0.0
CA,57308,11208,34.319722,-118.430833,SUN,SOLAR,1215.0,0.0,0.0
CA,59409,59185,34.768333,-117.323611,SUN,SOLAR,2559.0,0.0,0.0
CA,61421,60059,37.056468,-120.167021,SUN,SOLAR,2584.0,0.0,0.0
CA,58522,59622,36.941111,-120.046667,SUN,SOLAR,2004.0,0.0,0.0
CA,56046,2507,34.1786,-118.3153,NG,GAS,1571046.0,685153.312,0.43611282674091023
CA,56239,59527,36.6697,-119.7404,NG,GAS,16323.0,10387.9,0.6363964957422042
CA,56041,29116,33.9986,-118.2219,NG,GAS,608960.0,298334.875,0.4899088199553337
CA,62688,62628,37.228736,-121.738616,SUN,SOLAR,5643.0,0.0,0.0
CA,10480,34691,37.6451,-118.9143,GEO,GEOTHERMAL,57351.0,0.0,0.0
CA,10481,34691,37.6464,-118.9092,GEO,GEOTHERMAL,68597.001,0.0,0.0
CA,344,17609,37.220302,-119.337983,WAT,HYDRO,513546.0,0.0,0.0
CA,61115,60727,37.84013,-121.216191,SUN,SOLAR,1979.0,0.0,0.0
CA,57484,15399,34.9349,-118.4612,WND,WIND,490486.0,0.0,0.0
CA,57005,56431,38.40008,-121.96366,SUN,SOLAR,1753.0,0.0,0.0
CA,59607,58468,35.115278,-119.317778,SUN,SOLAR,45108.0,0.0,0.0
CA,61013,58661,37.945296,-122.377202,SUN,SOLAR,20212.0,0.0,0.0
CA,10748,12869,36.7131,-121.7686,LFG,BIOMASS,27259.0,0.001,3.668513151619649e-08
CA,57483,49981,37.789167,-121.601944,NG,GAS,90836.0,58313.351,0.6419629992513981
CA,57267,56635,38.016944,-121.765,NG,GAS,63231.0,47802.854,0.7560034476759817
CA,54912,11651,38.0169,-122.1117,NG,GAS,827535.0,298384.999,0.36057085077972534
CA,52063,59409,38.0314,-122.1139,WH,OTHF,13113.0,0.0,0.0
CA,59802,57128,37.405689,-121.949416,NG,GAS,7172.0,0.0,0.0
CA,58914,58789,34.237222,-116.054167,NG,GAS,82330.0,24245.05,0.2944862140167618
CA,535,16534,38.652731,-121.393336,NG,GAS,2195.0,1627.739,0.741566742596811
CA,151,12745,37.62936,-120.93139,DFO,OIL,2659.0,3358.304,1.2629951109439639
CA,58462,58451,33.694722,-114.739722,SUN,SOLAR,721339.0,0.0,0.0
CA,56471,17609,34.205556,-119.246944,NG,GAS,19740.0,11841.487,0.5998726950354609
CA,52076,54713,35.3161,-119.6597,NG,GAS,74921.0,50454.618,0.6734375942659602
CA,50612,60662,35.319503,-119.661992,NG,GAS,15387.0,7821.886,0.5083437967115098
CA,410,12312,37.522065,-120.31009,WAT,HYDRO,46925.0,0.0,0.0
CA,63361,62067,37.734761,-121.508945,SUN,SOLAR,1388.0,0.0,0.0
CA,61420,60059,36.989475,-120.878081,SUN,SOLAR,6152.0,0.0,0.0
CA,258,12312,37.52301,-120.329905,WAT,HYDRO,12524.0,0.0,0.0
CA,59265,59089,37.267778,-120.484444,SUN,SOLAR,3819.0,0.0,0.0
CA,57982,62060,35.670278,-120.566944,SUN,SOLAR,1340.0,0.0,0.0
CA,50535,63235,33.9461,-116.6769,WND,WIND,2282.0,0.0,0.0
CA,55393,2799,37.2207,-121.7457,NG,GAS,2566081.0,1117730.312,0.43557873348503023
CA,57313,57275,34.0578,-118.229722,SUN,SOLAR,1089.0,0.0,0.0
CA,62459,57128,37.378422,-121.899969,NG,GAS,7566.0,0.0,0.0
CA,425,15127,39.024801,-120.596383,WAT,HYDRO,788857.0,0.0,0.0
CA,401,11208,37.51,-118.569167,WAT,HYDRO,94971.0,0.0,0.0
CA,56639,59527,36.654114,-120.579727,NG,GAS,51141.0,35093.766,0.6862158737607791
CA,60336,60118,33.176627,-115.572788,SUN,SOLAR,130023.0,0.0,0.0
CA,60237,58468,33.162056,-115.531694,SUN,SOLAR,80381.0,0.0,0.0
CA,60315,60025,33.154761,-115.544918,SUN,SOLAR,40396.0,0.0,0.0
CA,52169,12687,35.2269,-119.6294,NG,GAS,806367.999,241218.815,0.29914234604937495
CA,7147,17609,34.088019,-117.039539,WAT,HYDRO,10602.999,0.0,0.0
CA,58698,58622,34.013056,-117.5375,SUN,SOLAR,2661.0,0.0,0.0
CA,56473,17609,34.0053,-117.5604,NG,GAS,16605.0,10097.053,0.6080730502860584
CA,56232,16609,32.8769,-117.166389,NG,GAS,73629.0,44105.199,0.5990193945320458
CA,62697,62150,37.38633,-121.96238,NG,GAS,39336.0,0.0,0.0
CA,59267,59090,37.267778,-120.4825,SUN,SOLAR,3812.0,0.0,0.0
CA,59411,59185,34.765,-117.323611,SUN,SOLAR,3962.0,0.0,0.0
CA,55161,57232,34.2925,-118.389444,LFG,BIOMASS,22541.0,0.0,0.0
CA,55094,57227,32.844845,-117.162747,LFG,BIOMASS,48556.0,0.0,0.0
CA,55160,57231,36.388,-119.394,LFG,BIOMASS,7044.0,0.0,0.0
CA,54015,57224,34.033206,-117.906129,LFG,BIOMASS,42896.0,0.0,0.0
CA,54567,61324,38.596283,-121.687518,LFG,BIOMASS,18770.001,0.0,0.0
CA,381,16612,37.809388,-120.299254,WAT,HYDRO,327961.0,0.0,0.0
CA,50821,2770,35.045,-118.2642,WND,WIND,52089.0,0.0,0.0
CA,50823,2770,35.046,-118.2757,WND,WIND,49167.0,0.0,0.0
CA,52143,2770,35.068,-118.2898,WND,WIND,48016.0,0.0,0.0
CA,52142,2770,35.0506,-118.2572,WND,WIND,51515.0,0.0,0.0
CA,52144,2770,35.076,-118.2487,WND,WIND,42302.0,0.0,0.0
CA,7072,3255,34.307444,-117.323548,WAT,HYDRO,77241.999,0.0,0.0
CA,57331,56660,35.017717,-117.339144,SUN,SOLAR,514484.0,0.0,0.0
CA,58056,57435,34.121667,-117.938333,NG,GAS,13431.0,5683.964,0.4231973791973792
CA,54951,12221,36.7056,-121.7714,OBG,BIOMASS,8145.999,980.498,0.120365592973925
CA,58633,60947,36.721111,-121.787778,SUN,SOLAR,1096.0,0.0,0.0
CA,57701,57026,38.116667,-121.821944,WND,WIND,197182.0,0.0,0.0
CA,55009,59380,40.846806,-121.956446,WAT,HYDRO,9971.0,0.0,0.0
CA,7646,22776,38.513056,-122.104444,WAT,HYDRO,44166.999,0.0,0.0
CA,63514,63226,36.585794,-119.469986,SUN,SOLAR,2908.0,0.0,0.0
CA,60007,17650,35.731362,-119.818712,SUN,SOLAR,35953.0,0.0,0.0
CA,59942,63249,34.6608,-118.0836,SUN,SOLAR,2930.0,0.0,0.0
CA,260,54802,36.804837,-121.782241,NG,GAS,5220833.0,2136663.281,0.40925715896294707
CA,61353,60986,32.6685,-115.6292,SUN,SOLAR,32264.0,0.0,0.0
CA,61202,63447,32.678805,-115.56721,SUN,SOLAR,624531.0,0.0,0.0
CA,55719,19740,33.9211,-116.5642,WND,WIND,196597.0,0.0,0.0
CA,56112,15399,33.9141,-116.5914,WND,WIND,67870.0,0.0,0.0
CA,57459,19740,33.8816,-116.5527,WND,WIND,172485.0,0.0,0.0
CA,358,17609,34.0818,-117.2418,NG,GAS,3040688.1,1339493.312,0.44052308817862634
CA,54626,13060,35.576323,-119.006245,WDS,BIOMASS,291756.0,2048.164,0.007020126406997629
CA,10458,63235,40.976389,-121.255833,WAT,HYDRO,83310.0,0.0,0.0
CA,50674,14395,33.8247,-116.5106,NG,GAS,4151.0,2554.376,0.6153640086726091
CA,60412,58135,36.2647,-117.9955,SUN,SOLAR,9851.0,0.0,0.0
CA,261,19586,38.147093,-120.446396,WAT,HYDRO,14963.0,0.0,0.0
CA,57833,56215,35.030855,-118.293188,WND,WIND,264116.0,0.0,0.0
CA,50352,12850,35.798576,-120.883331,WAT,HYDRO,13218.0,0.0,0.0
CA,455,21140,39.238996,-121.270409,WAT,HYDRO,266252.0,0.0,0.0
CA,262,14328,39.2364,-121.271741,WAT,HYDRO,47007.0,0.0,0.0
CA,61894,61510,36.624512,-119.673088,SUN,SOLAR,5199.999,0.0,0.0
CA,58610,58661,34.551111,-117.191111,SUN,SOLAR,4314.0,0.0,0.0
CA,57764,57073,35.68771,-117.68137,SUN,SOLAR,23952.0,0.0,0.0
CA,50963,2844,32.7261,-117.1464,NG,GAS,18086.0,6990.593,0.38651957315050317
CA,7449,40613,38.088138,-121.386944,NG,GAS,12758.0,6576.242,0.515460260228876
CA,50223,13353,41.028893,-121.892351,WAT,HYDRO,2574.0,0.0,0.0
CA,50755,12745,38.149582,-120.814942,WAT,HYDRO,10385.0,0.0,0.0
CA,6158,2518,37.946927,-120.528211,WAT,HYDRO,748456.0,0.0,0.0
CA,58226,58197,34.853581,-116.683108,SUN,SOLAR,2966.0,0.0,0.0
CA,632,14328,38.835182,-121.092982,WAT,HYDRO,21393.0,0.0,0.0
CA,10427,22091,34.045361,-117.540193,NG,GAS,231048.001,84053.45,0.36379215416799904
CA,60981,60614,36.381775,-120.134486,SUN,SOLAR,50747.0,0.0,0.0
CA,63363,62067,37.894817,-121.24891,SUN,SOLAR,1492.0,0.0,0.0
CA,58034,57405,35.647295,-119.716512,SUN,SOLAR,2423.0,0.0,0.0
CA,59600,60185,35.835833,-119.056111,SUN,SOLAR,50194.0,0.0,0.0
CA,56569,9216,33.238842,-115.504456,NG,GAS,85406.0,47761.607,0.5592301126384563
CA,444,2518,38.63735,-121.220198,WAT,HYDRO,40279.0,0.0,0.0
CA,59652,11208,34.236667,-118.565833,SUN,SOLAR,1071.0,0.0,0.0
CA,58748,58661,38.300556,-121.966389,SUN,SOLAR,2383.0,0.0,0.0
CA,56832,34691,33.0139,-115.5439,GEO,GEOTHERMAL,55693.0,0.0,0.0
CA,60571,16764,32.877822,-117.197788,LFG,BIOMASS,3871.0,0.0,0.0
CA,55602,16764,32.8817,-117.1958,LFG,BIOMASS,26540.0,0.001,3.767897513187641e-08
CA,63651,63344,35.780407,-119.30875,SUN,SOLAR,7313.0,0.0,0.0
CA,59962,58661,34.719538,-118.31301,SUN,SOLAR,38878.0,0.0,0.0
CA,57743,60025,33.924167,-116.593333,SUN,SOLAR,5670.0,0.0,0.0
CA,57722,60025,33.909722,-116.5625,SUN,SOLAR,9742.0,0.0,0.0
CA,59879,61943,34.862,-118.38,SUN,SOLAR,234168.0,0.0,0.0
CA,58154,58121,35.347778,-118.186389,WND,WIND,425137.0,0.0,0.0
CA,58713,17650,36.73,-120.41,SUN,SOLAR,149669.0,0.0,0.0
CA,50831,13876,37.9676,-122.382,LFG,BIOMASS,1128.999,0.001,8.857403770951081e-07
CA,58448,58440,34.509167,-117.154444,SUN,SOLAR,2664.0,0.0,0.0
CA,50754,13938,35.043889,-118.276388,WND,WIND,58543.001,0.0,0.0
CA,626,14328,40.07531,-121.16143,WAT,HYDRO,4311.0,0.0,0.0
CA,58376,58363,38.001667,-121.747778,SUN,SOLAR,2292.0,0.0,0.0
CA,56302,2770,35.06094,-118.292406,WND,WIND,148722.0,0.0,0.0
CA,57311,59551,34.1283,-118.206903,SUN,SOLAR,1767.0,0.0,0.0
CA,57514,56545,32.752778,-116.044722,WND,WIND,593148.0,0.0,0.0
CA,10884,11216,34.326242,-118.44477,NG,GAS,14279.0,4712.185,0.3300080537852791
CA,50850,14265,33.989626,-117.680911,NG,GAS,2360.0,1221.743,0.5176877118644068
CA,50180,60821,40.670536,-121.890645,WAT,HYDRO,14168.0,0.0,0.0
CA,58581,58540,34.043889,-117.531111,SUN,SOLAR,1559.0,0.0,0.0
CA,58582,58540,34.05,-117.596111,SUN,SOLAR,2837.0,0.0,0.0
CA,58607,58564,37.793333,-122.394167,NG,GAS,1656.0,540.632,0.3264685990338164
CA,61419,61058,34.615622,-117.936594,SUN,SOLAR,5833.0,0.0,0.0
CA,56914,56127,33.3594,-117.1114,NG,GAS,19385.0,12887.72,0.6648295073510446
CA,58718,58654,35.150694,-118.875,SUN,SOLAR,27156.0,0.0,0.0
CA,58721,58655,35.150694,-118.875278,SUN,SOLAR,7718.0,0.0,0.0
CA,50766,34691,32.8156,-115.2568,GEO,GEOTHERMAL,64698.0,0.0,0.0
CA,54724,34691,32.7881,-115.2481,GEO,GEOTHERMAL,67933.0,0.0,0.0
CA,350,15908,34.1292,-119.1689,NG,GAS,160849.0,107536.035,0.6685527109276402
CA,59915,56769,36.876847,-120.667608,SUN,SOLAR,46590.0,0.0,0.0
CA,54477,14173,39.492,-121.5628,NG,GAS,137.998,44.23,0.32051189147668807
CA,52204,57165,32.5983,-117.0178,LFG,BIOMASS,28559.002,0.001,3.5015229173624486e-08
CA,55345,14274,32.581481,-116.914969,NG,GAS,751803.0,329355.578,0.43808760805689784
CA,58612,58661,34.545,-117.191944,SUN,SOLAR,3494.0,0.0,0.0
CA,60953,11208,36.275144,-118.012151,SUN,SOLAR,2819.0,0.0,0.0
CA,426,15127,39.003372,-120.746651,WAT,HYDRO,36392.0,0.0,0.0
CA,50464,15375,34.196,-119.1667,NG,GAS,536189.0,206669.186,0.38544092847857747
CA,57585,58264,34.1414,-119.1831,NG,GAS,183955.0,60180.208,0.3271463564458699
CA,50224,22045,34.140501,-119.184529,OBG,BIOMASS,6375.0,561.623,0.08809772549019608
CA,59456,59222,32.894722,-117.198056,NG,GAS,34422.0,13321.799,0.38701408982627394
CA,61989,61575,36.916111,-119.97138,SUN,SOLAR,9257.0,0.0,0.0
CA,61027,60658,37.9418,-121.3383,NG,GAS,67.0,90.297,1.3477164179104477
CA,57757,57170,34.891389,-118.4325,WND,WIND,303673.0,0.0,0.0
CA,50560,58650,37.874056,-120.477556,WDS,BIOMASS,134869.0,0.169,1.2530677917089918e-06
CA,50533,61279,33.9369,-116.6183,WND,WIND,30876.0,0.0,0.0
CA,57773,58315,33.661667,-114.651667,SUN,SOLAR,2066.0,0.0,0.0
CA,55985,16609,33.1197,-117.117778,NG,GAS,1182812.0,511972.391,0.43284341974886964
CA,56803,56019,36.6514,-120.5833,NG,GAS,632832.0,355318.328,0.5614733894619741
CA,57340,56769,36.627,-120.879,SUN,SOLAR,381838.0,0.0,0.0
CA,376,5571,38.2569,-120.8507,WAT,HYDRO,170924.0,0.0,0.0
CA,59539,59284,33.896111,-117.283611,SUN,SOLAR,2908.0,0.0,0.0
CA,428,12312,37.477838,-120.444492,WAT,HYDRO,4320.0,0.0,0.0
CA,447,2518,34.295334,-114.140222,WAT,HYDRO,424552.0,0.0,0.0
CA,58198,58171,37.762524,-122.456747,NG,GAS,70776.0,24097.164,0.3404708375720583
CA,55656,2820,34.9556,-118.844,NG,GAS,4060797.0,1770607.438,0.4360246124098299
CA,50849,61261,37.870331,-122.26337,NG,GAS,181873.0,60226.52,0.33114601947512823
CA,6704,17609,33.333056,-118.310278,DFO,OIL,29883.011,24980.852,0.8359549845897389
CA,481,12397,33.8361,-117.1831,WAT,HYDRO,10525.0,0.0,0.0
CA,62611,62028,32.753281,-117.035241,SUN,SOLAR,2221.0,0.0,0.0
CA,63376,63125,34.57654,-117.58281,SUN,SOLAR,3123.0,0.0,0.0
CA,50388,4208,38.018056,-122.2344,PC,OIL,85439.0,85888.773,1.005264258710893
CA,50119,4208,38.0417,-122.2583,PRG,OTHF,388814.001,122195.669,0.3142779547179938
CA,264,14328,38.032103,-120.326537,WAT,HYDRO,6434.0,0.0,0.0
CA,388,9216,32.736642,-114.713858,WAT,HYDRO,23465.0,0.0,0.0
CA,7907,10325,36.8326,-119.327,WAT,HYDRO,714555.999,0.0,0.0
CA,57306,11208,35.229635,-118.1957,SUN,SOLAR,12708.0,0.0,0.0
CA,56433,11208,35.248006,-118.175356,WND,WIND,257823.0,0.0,0.0
CA,57834,59868,35.043411,-118.211835,WND,WIND,275335.0,0.0,0.0
CA,57837,59869,35.026759,-118.223333,WND,WIND,203749.0,0.0,0.0
CA,57555,56895,32.573889,-116.917777,NG,GAS,107423.001,62851.027,0.5850797912450798
CA,265,14328,40.99084,-121.498243,WAT,HYDRO,277402.0,0.0,0.0
CA,266,14328,40.997448,-121.748139,WAT,HYDRO,362321.001,0.0,0.0
CA,267,14328,40.986361,-121.84944,WAT,HYDRO,452030.0,0.0,0.0
CA,268,14328,40.986197,-121.977594,WAT,HYDRO,853787.001,0.0,0.0
CA,269,14328,40.922568,-121.992906,WAT,HYDRO,334992.0,0.0,0.0
CA,270,14328,40.847462,-121.990798,WAT,HYDRO,461161.0,0.0,0.0
CA,59803,57128,37.83286,-122.284003,NG,GAS,7267.0,0.0,0.0
CA,50696,14155,33.6942,-117.9381,OBG,BIOMASS,39854.001,1891.555,0.04746211051683369
CA,52099,14155,33.6433,-117.9556,OBG,BIOMASS,53439.0,1776.703,0.03324731001702876
CA,402,11208,37.41416,-118.523889,WAT,HYDRO,10229.0,0.0,0.0
CA,10479,34691,37.6455,-118.9096,GEO,GEOTHERMAL,82350.999,0.0,0.0
CA,272,14328,39.722892,-121.469814,WAT,HYDRO,601439.0,0.0,0.0
CA,10709,17725,40.4579,-121.8427,WAT,HYDRO,3808.0,0.0,0.0
CA,353,17609,37.944237,-119.2161,WAT,HYDRO,26036.0,0.0,0.0
CA,61319,11208,33.727977,-118.280032,SUN,SOLAR,1865.0,0.0,0.0
CA,354,17609,37.257045,-119.158936,WAT,HYDRO,21961.0,0.0,0.0
CA,60310,60412,34.71647,-118.2821,SUN,SOLAR,53693.0,0.0,0.0
CA,60311,60412,34.71412,-118.2739,SUN,SOLAR,30566.0,0.0,0.0
CA,59219,59004,36.05,-119.02,SUN,SOLAR,5779.0,0.0,0.0
CA,58309,58268,36.102778,-119.039722,SUN,SOLAR,6595.001,0.0,0.0
CA,59952,59713,38.216973,-121.979452,LFG,BIOMASS,63061.0,0.002,3.171532325843231e-08
CA,274,14328,39.361786,-123.127934,WAT,HYDRO,18872.0,0.0,0.0
CA,57696,5571,37.825833,-122.296111,OBG,BIOMASS,24188.0,0.0,0.0
CA,58611,58661,34.496944,-117.145,SUN,SOLAR,4343.0,0.0,0.0
CA,62578,62067,37.711995,-122.150665,SUN,SOLAR,3460.0,0.0,0.0
CA,55601,57250,33.494925,-117.614587,LFG,BIOMASS,44276.0,0.0,0.0
CA,63493,57353,40.15006,-120.123352,SUN,SOLAR,1123.0,0.0,0.0
CA,10472,11217,34.0233,-118.0241,LFG,BIOMASS,195597.0,0.0,0.0
CA,59322,59121,35.305556,-119.6225,SUN,SOLAR,51037.0,0.0,0.0
CA,59550,59290,38.521111,-121.993889,SUN,SOLAR,4964.0,0.0,0.0
CA,60790,60455,34.038433,-117.565802,SUN,SOLAR,5023.0,0.0,0.0
CA,59457,59222,32.904167,-117.201111,NG,GAS,34458.0,10946.188,0.3176675372917755
CA,59339,61230,37.130278,-121.052222,SUN,SOLAR,258796.0,0.0,0.0
CA,382,16612,37.877667,-119.953233,WAT,HYDRO,455802.001,0.0,0.0
CA,58354,60025,34.665556,-118.288056,SUN,SOLAR,3219.0,0.0,0.0
CA,58355,60025,34.665556,-118.286944,SUN,SOLAR,3211.0,0.0,0.0
CA,427,15127,39.000999,-120.725053,WAT,HYDRO,538841.0,0.0,0.0
CA,58909,58786,33.012222,-116.875,SUN,SOLAR,4467.0,0.0,0.0
CA,58911,58787,33.012222,-116.875,SUN,SOLAR,9318.0,0.0,0.0
CA,60995,16609,33.018486,-116.860713,SUN,SOLAR,6716.0,0.0,0.0
CA,59540,59284,34.100278,-117.552778,SUN,SOLAR,2977.0,0.0,0.0
CA,56615,27075,32.93695,-117.113669,WAT,HYDRO,12861.0,0.0,0.0
CA,60226,60413,38.339857,-121.114494,SUN,SOLAR,22725.0,0.0,0.0
CA,62458,57128,34.08145,-118.15191,NG,GAS,8514.0,0.0,0.0
CA,60426,60206,33.5226,-117.1815,SUN,SOLAR,10058.0,0.0,0.0
CA,58984,58468,36.6175,-120.290833,SUN,SOLAR,49489.0,0.0,0.0
CA,59976,59727,34.844226,-118.458466,SUN,SOLAR,282607.0,0.0,0.0
CA,59977,59728,34.836649,-118.480204,SUN,SOLAR,215285.0,0.0,0.0
CA,60389,60191,35.20473,-118.06875,SUN,SOLAR,163388.0,0.0,0.0
CA,57783,62948,38.3475,-121.412777,SUN,SOLAR,10922.0,0.0,0.0
CA,57784,62948,38.3475,-121.412777,SUN,SOLAR,11163.0,0.0,0.0
CA,57785,62948,38.3475,-121.412777,SUN,SOLAR,11323.0,0.0,0.0
CA,58983,58468,35.026667,-118.185556,SUN,SOLAR,123688.0,0.0,0.0
CA,58502,62949,35.024722,-118.164167,SUN,SOLAR,22880.0,0.0,0.0
CA,58990,58468,35.026667,-118.185556,SUN,SOLAR,41974.0,0.0,0.0
CA,57777,62948,38.468611,-121.181944,SUN,SOLAR,5338.0,0.0,0.0
CA,57779,62948,38.466111,-121.177778,SUN,SOLAR,4878.0,0.0,0.0
CA,57781,62948,38.461944,-121.180278,SUN,SOLAR,6210.0,0.0,0.0
CA,60233,17650,34.825267,-118.524989,SUN,SOLAR,475440.0,0.0,0.0
CA,60386,17650,34.821453,-118.497406,SUN,SOLAR,57637.0,0.0,0.0
CA,57778,62948,38.365053,-121.381101,SUN,SOLAR,11289.0,0.0,0.0
CA,57780,62948,38.365053,-121.381101,SUN,SOLAR,11716.0,0.0,0.0
CA,57782,62948,38.365053,-121.381101,SUN,SOLAR,11587.0,0.0,0.0
CA,58985,58468,36.247778,-119.833889,SUN,SOLAR,49643.0,0.0,0.0
CA,58148,58111,36.226111,-119.834167,SUN,SOLAR,49016.0,0.0,0.0
CA,58991,58468,36.226111,-119.905278,SUN,SOLAR,51420.0,0.0,0.0
CA,57816,62948,38.302594,-121.295819,SUN,SOLAR,12063.0,0.0,0.0
CA,57817,62948,38.302594,-121.295819,SUN,SOLAR,12105.0,0.0,0.0
CA,57818,62948,38.302594,-121.295819,SUN,SOLAR,11946.0,0.0,0.0
CA,57819,62948,38.302594,-121.295819,SUN,SOLAR,12003.0,0.0,0.0
CA,57820,62948,38.302594,-121.295819,SUN,SOLAR,12147.0,0.0,0.0
CA,57821,62948,38.302594,-121.295819,SUN,SOLAR,11915.0,0.0,0.0
CA,59150,58968,36.221667,-119.903056,SUN,SOLAR,247175.0,0.0,0.0
CA,58986,58468,35.223333,-119.088889,SUN,SOLAR,49619.0,0.0,0.0
CA,58500,62949,35.00745,-118.16451,SUN,SOLAR,10505.0,0.0,0.0
CA,58498,62949,34.9,-118.246944,SUN,SOLAR,57203.0,0.0,0.0
CA,58499,62949,34.900278,-118.238333,SUN,SOLAR,44718.0,0.0,0.0
CA,59939,17650,36.581365,-120.40447,SUN,SOLAR,493365.0,0.0,0.0
CA,58202,62949,34.51231,-117.47753,SUN,SOLAR,43498.0,0.0,0.0
CA,56184,55784,40.1501,-122.2124,NG,GAS,12280.0,7228.016,0.588600651465798
CA,58831,58661,35.321944,-118.812778,SUN,SOLAR,40481.0,0.0,0.0
CA,7307,15783,40.507292,-122.423281,NG,GAS,232344.0,114997.438,0.4949447285060083
CA,60490,60277,35.314198,-118.81192,SUN,SOLAR,50469.0,0.0,0.0
CA,63074,62856,36.60563,-119.4577,SUN,SOLAR,3801.0,0.0,0.0
CA,56134,55934,37.9369,-121.3294,DFO,OIL,7476.0,660.161,0.08830403959336543
CA,57650,56980,35.3,-118.851944,SUN,SOLAR,157475.0,0.0,0.0
CA,63455,63198,36.353675,-119.400823,SUN,SOLAR,1931.0,0.0,0.0
CA,54936,2806,32.583571,-116.930907,NG,GAS,350.0,115.852,0.3310057142857143
CA,52109,49732,37.9418,-122.3909,NG,GAS,936501.0,281337.87,0.30041384899749174
CA,54931,2770,35.074,-118.3153,WND,WIND,133872.0,0.0,0.0
CA,10597,2770,35.0697,-118.3167,WND,WIND,43666.0,0.0,0.0
CA,10767,15986,36.688915,-119.723218,WDS,BIOMASS,187525.0,1715.333,0.00914722303692841
CA,50037,30347,35.43,-118.8222,WAT,HYDRO,39669.0,0.0,0.0
CA,10772,16077,38.8319,-121.313652,WDS,BIOMASS,168850.0,2109.867,0.012495510808409832
CA,59249,60605,35.416111,-119.6825,SUN,SOLAR,49064.0,0.0,0.0
CA,59250,60606,35.4225,-119.629167,SUN,SOLAR,49592.0,0.0,0.0
CA,482,12397,34.004722,-118.09917,WAT,HYDRO,1.0,0.0,0.0
CA,56135,12745,37.7315,-121.116,NG,GAS,12155.0,8792.04,0.7233270259152613
CA,57621,56937,35.0775,-118.218333,WND,WIND,237336.0,0.0,0.0
CA,59235,59040,35.088889,-118.206389,WND,WIND,54250.0,0.0,0.0
CA,59236,59042,35.060556,-118.243333,WND,WIND,265527.0,0.0,0.0
CA,56143,16088,33.9636,-117.4528,NG,GAS,79777.0,49576.444,0.621437807889492
CA,59877,59662,33.9617,-117.455897,OBG,BIOMASS,9704.0,0.0,0.0
CA,55963,2874,38.014423,-121.790679,NG,GAS,20041.0,13249.163,0.6611028890773913
CA,10881,16997,40.882061,-121.948353,WAT,HYDRO,7859.0,0.0,0.0
CA,433,16534,38.896511,-120.378292,WAT,HYDRO,56388.0,0.0,0.0
CA,57579,17573,37.8583,-120.8917,SUN,SOLAR,2710.0,0.0,0.0
CA,275,14328,39.90521,-121.345226,WAT,HYDRO,645136.0,0.0,0.0
CA,50892,59380,38.78342,-120.778506,WAT,HYDRO,1704.0,0.0,0.0
CA,7824,9216,32.9553,-115.5364,NG,GAS,933.0,1000.858,1.0727309753483387
CA,58751,58661,34.713333,-118.289444,SUN,SOLAR,3688.0,0.0,0.0
CA,58752,58661,34.713333,-118.289444,SUN,SOLAR,3504.0,0.0,0.0
CA,58297,57128,35.734167,-119.236667,NG,GAS,3851.0,0.0,0.0
CA,58296,57128,35.739722,-119.238056,NG,GAS,7616.0,0.0,0.0
CA,58298,57128,35.653056,-119.889722,NG,GAS,4961.0,0.0,0.0
CA,34,13402,39.134259,-120.953341,WAT,HYDRO,75926.0,0.0,0.0
CA,56469,54894,41.435556,-122.376944,WDS,BIOMASS,46671.0,0.027,5.785177090698721e-07
CA,56298,16295,38.7928,-121.3811,NG,GAS,294137.0,143060.508,0.48637372380897337
CA,7452,16295,38.810677,-121.323807,NG,GAS,1411.0,1605.354,1.1377420269312544
CA,62114,61674,38.791779,-121.385301,SUN,SOLAR,1758.0,0.0,0.0
CA,59410,59185,34.766389,-117.323611,SUN,SOLAR,3996.0,0.0,0.0
CA,357,17609,37.766954,-119.123284,WAT,HYDRO,48006.0,0.0,0.0
CA,56467,54890,37.63466,-122.13381,NG,GAS,884964.0,390788.203,0.4415865538033185
CA,58449,58440,34.643889,-118.163056,SUN,SOLAR,3863.0,0.0,0.0
CA,59323,63249,38.587222,-121.457778,SUN,SOLAR,2124.0,0.0,0.0
CA,58636,60947,38.643611,-121.416389,SUN,SOLAR,1204.0,0.0,0.0
CA,7552,16534,38.511,-121.4735,NG,GAS,644436.0,307774.712,0.47758770770099745
CA,61209,60947,38.448604,-121.46369,SUN,SOLAR,7720.0,0.0,0.0
CA,56875,57170,38.44979,-121.16469,SUN,SOLAR,1446.0,0.0,0.0
CA,54800,16578,36.8347,-119.7667,NG,GAS,27899.0,8414.408,0.30160249471307216
CA,50865,16506,35.9515,-120.8679,NG,GAS,297702.0,118587.609,0.39834333998427957
CA,279,14328,38.497914,-120.21811,WAT,HYDRO,191540.0,0.0,0.0
CA,10879,49899,33.1589,-115.6455,GEO,GEOTHERMAL,107264.0,8398.479,0.0782972758800716
CA,10759,49899,33.158153,-115.638656,GEO,GEOTHERMAL,300512.0,23529.258,0.07829723272281973
CA,54996,49899,33.157,-115.6386,GEO,GEOTHERMAL,290199.0,22721.764,0.0782971822783676
CA,10878,49899,33.158,-115.6475,GEO,GEOTHERMAL,76099.0,5958.35,0.07829734950524975
CA,55983,49899,33.1533,-115.6384,GEO,GEOTHERMAL,321665.0,25185.457,0.07829716319773677
CA,50234,16583,34.1019,-117.6381,NG,GAS,10755.999,7310.23,0.6796421234327001
CA,57904,57273,33.965617,-117.659059,SUN,SOLAR,1738.0,0.0,0.0
CA,50061,16625,32.778225,-117.070114,NG,GAS,53953.0,19646.927,0.3641489259170018
CA,6646,12397,34.1275,-117.7958,WAT,HYDRO,35838.0,0.0,0.0
CA,50233,22635,34.124171,-117.805091,WAT,HYDRO,3021.0,0.0,0.0
CA,403,11208,34.312778,-118.492778,WAT,HYDRO,11281.0,0.0,0.0
CA,6479,11208,34.590183,-118.454676,WAT,HYDRO,256711.999,0.0,0.0
CA,6480,11208,34.534337,-118.525113,WAT,HYDRO,78443.001,0.0,0.0
CA,54017,11295,34.204311,-117.855714,WAT,HYDRO,9147.0,0.0,0.0
CA,50281,16630,33.926111,-116.615,WND,WIND,88707.0,0.0,0.0
CA,50690,2770,33.934,-116.5781,WND,WIND,118956.0,0.0,0.0
CA,54454,49963,33.918395,-116.573906,WND,WIND,182515.0,0.0,0.0
CA,60678,60399,36.527,-120.149,SUN,SOLAR,38908.0,0.0,0.0
CA,10548,16732,37.336113,-121.878332,NG,GAS,33356.0,14048.191,0.4211593416476796
CA,62004,58661,34.723748,-118.280345,SUN,SOLAR,89681.0,0.0,0.0
CA,50400,19560,38.1861,-120.15,WAT,HYDRO,107580.0,0.0,0.0
CA,57361,56700,35.982778,-120.110277,SUN,SOLAR,31748.0,0.0,0.0
CA,361,17609,34.14522,-117.058481,WAT,HYDRO,78.0,0.0,0.0
CA,363,17609,34.107245,-117.099091,WAT,HYDRO,4121.0,0.0,0.0
CA,7232,16655,37.364297,-121.944238,NG,GAS,46364.0,24356.854,0.5253397894918471
CA,57876,57197,36.973333,-122.105556,LFG,BIOMASS,10034.0,0.0,0.0
CA,58913,57104,33.910833,-118.044444,SUN,SOLAR,3064.0,0.0,0.0
CA,58912,57104,33.910833,-118.044444,SUN,SOLAR,2355.0,0.0,0.0
CA,50076,19532,34.461667,-118.7511,WAT,HYDRO,914.0,0.0,0.0
CA,56284,50045,35.040833,-120.636667,PRG,OTHF,4301.0,5754.974,1.3380548709602418
CA,60385,60182,37.719166,-121.886944,NG,GAS,9607.0,0.0,0.0
CA,58625,58549,37.719167,-121.886944,NG,GAS,12678.0,0.0,0.0
CA,62039,61987,38.46905,-122.72188,SUN,SOLAR,2912.0,0.0,0.0
CA,59074,58893,37.361667,-121.943611,DFO,OIL,235.991,269.568,1.1422808496934205
CA,7551,16534,38.530943,-121.400128,NG,GAS,729068.0,292332.242,0.4009670455979415
CA,404,11208,33.918151,-118.427648,NG,GAS,1240303.0,581532.883,0.4688635623714528
CA,63021,62856,36.885463,-119.731899,SUN,SOLAR,1961.0,0.0,0.0
CA,63068,62856,36.76655,-119.79858,SUN,SOLAR,3598.0,0.0,0.0
CA,61006,60648,38.690186,-121.586514,SUN,SOLAR,14883.0,0.0,0.0
CA,59359,59139,34.473889,-117.562778,SUN,SOLAR,3393.0,0.0,0.0
CA,59360,59139,34.471389,-117.562222,SUN,SOLAR,2569.0,0.0,0.0
CA,59423,59139,34.415278,-117.47,SUN,SOLAR,3923.0,0.0,0.0
CA,59422,59139,34.4175,-117.469722,SUN,SOLAR,3906.0,0.0,0.0
CA,59421,59139,34.413056,-117.470833,SUN,SOLAR,3834.0,0.0,0.0
CA,839,13402,39.272108,-120.932508,WAT,HYDRO,4953.0,0.0,0.0
CA,63715,62150,37.34994,-121.94064,NG,GAS,12527.0,0.0,0.0
CA,59138,59622,32.906111,-117.121389,SUN,SOLAR,1681.0,0.0,0.0
CA,59139,59622,33.21,-117.170556,SUN,SOLAR,1736.0,0.0,0.0
CA,61843,60584,32.586536,-117.004884,SUN,SOLAR,1986.0,0.0,0.0
CA,54111,49748,32.7144,-115.5356,GEO,GEOTHERMAL,216998.0,0.0,0.0
CA,10439,55711,35.00694,-117.555768,NG,GAS,38242.0,0.0,0.0
CA,10440,55711,35.012166,-117.555672,NG,GAS,41865.0,0.0,0.0
CA,10446,61950,35.033,-117.338,NG,GAS,140268.0,12374.261,0.0882187027689851
CA,10441,55711,35.01948,-117.55553,NG,GAS,41424.0,0.0,0.0
CA,10444,61950,35.0308,-117.3563,NG,GAS,137478.0,13708.787,0.09971622368669897
CA,57482,56887,33.934167,-116.571388,NG,GAS,576703.0,337120.215,0.5845646979467768
CA,316,12397,34.0969,-118.4795,WAT,HYDRO,12665.0,0.0,0.0
CA,58073,62060,34.618861,-117.939444,SUN,SOLAR,4823.0,0.0,0.0
CA,59730,58661,34.613602,-117.93439,SUN,SOLAR,5323.0,0.0,0.0
CA,58074,62060,34.174167,-116.152778,SUN,SOLAR,4447.0,0.0,0.0
CA,58234,58211,34.171944,-116.1525,SUN,SOLAR,32603.0,0.0,0.0
CA,60745,60445,32.792038,-115.773448,SUN,SOLAR,5804.0,0.0,0.0
CA,60744,60445,32.79411,-115.779317,SUN,SOLAR,8842.0,0.0,0.0
CA,59740,58661,35.022903,-118.282694,SUN,SOLAR,54686.0,0.0,0.0
CA,59273,58661,34.613056,-117.938889,SUN,SOLAR,25982.0,0.0,0.0
CA,58227,58198,34.192222,-116.090278,SUN,SOLAR,24523.0,0.0,0.0
CA,59722,59491,33.1125,-116.0139,SUN,SOLAR,52470.0,0.0,0.0
CA,59723,59492,33.1101,-116.0059,SUN,SOLAR,84300.0,0.0,0.0
CA,57971,16612,37.739722,-122.3925,OBG,BIOMASS,2730.0,0.0,0.0
CA,57043,14328,37.723889,-122.4775,NG,GAS,9080.0,0.0,0.0
CA,62649,58661,38.132245,-122.231965,SUN,SOLAR,69.0,0.0,0.0
CA,59408,59183,35.393333,-119.127778,SUN,SOLAR,51837.0,0.0,0.0
CA,445,2518,40.717455,-122.422274,WAT,HYDRO,2293986.998,0.0,0.0
CA,58814,58696,41.031389,-121.4225,SUN,SOLAR,7230.0,0.0,0.0
CA,56362,15399,38.12,-121.85,WND,WIND,381728.0,0.0,0.0
CA,57586,57170,38.169444,-121.846944,WND,WIND,266434.0,0.0,0.0
CA,57725,57170,38.137488,-121.855342,WND,WIND,268593.0,0.0,0.0
CA,56874,57170,38.1711,-121.8461,WND,WIND,383508.0,0.0,0.0
CA,58585,58544,39.724167,-121.815278,NG,GAS,9908.0,2880.042,0.29067844166330237
CA,50110,17164,40.8767,-121.7016,WDS,BIOMASS,67193.0,0.0,0.0
CA,10144,17164,38.9032,-121.3097,WDS,BIOMASS,98827.0,0.0,0.0
CA,50111,61379,39.6699,-120.2394,WDS,BIOMASS,29661.0,0.0,0.0
CA,50112,17164,39.941165,-120.909211,WDS,BIOMASS,145449.0,0.01,6.875262119368301e-08
CA,54517,17164,37.966389,-120.317777,WDS,BIOMASS,33670.0,1.234,3.664983664983665e-05
CA,59431,58661,34.703611,-118.334167,SUN,SOLAR,42635.0,0.0,0.0
CA,57702,57027,33.811182,-118.175645,PRG,OTHF,38032.0,29472.582,0.7749416806899453
CA,60249,60038,37.542619,-122.231119,OBG,BIOMASS,6292.0,158.542,0.025197393515575334
CA,57364,56707,32.7792,-114.6344,WAT,HYDRO,14366.0,0.0,0.0
CA,50322,26287,37.056803,-119.899706,WAT,HYDRO,3860.0,0.0,0.0
CA,56080,16657,37.4344,-121.9464,NG,GAS,40468.999,7905.148,0.19533836258218296
CA,50536,17288,35.2608,-118.2469,WND,WIND,99861.0,0.0,0.0
CA,776,14191,39.580413,-121.119479,WAT,HYDRO,38227.0,0.0,0.0
CA,57671,56995,38.237778,-121.3375,SUN,SOLAR,5504.0,0.0,0.0
CA,57669,56995,38.364722,-121.41278,SUN,SOLAR,32416.0,0.0,0.0
CA,57753,56995,38.338868,-121.431342,SUN,SOLAR,1818.0,0.0,0.0
CA,57670,56995,38.253056,-121.278888,SUN,SOLAR,4980.0,0.0,0.0
CA,61834,61453,33.767061,-116.905874,SUN,SOLAR,1848.0,0.0,0.0
CA,58621,58575,32.803333,-115.546389,SUN,SOLAR,46706.0,0.0,0.0
CA,50985,17711,38.2494,-122.0394,NG,GAS,9942.0,3786.61,0.38087004626835647
CA,7526,16534,38.116415,-121.769031,WND,WIND,522351.999,0.0,0.0
CA,60558,60307,33.618678,-114.696182,SUN,SOLAR,58757.0,0.0,0.0
CA,56939,59399,33.5917,-114.7444,SUN,SOLAR,43320.0,0.0,0.0
CA,57455,57271,33.298889,-116.35083,SUN,SOLAR,66362.0,0.0,0.0
CA,58592,17650,33.08,-115.47,SUN,SOLAR,379991.001,0.0,0.0
CA,59528,59262,34.648889,-118.076667,SUN,SOLAR,55282.0,0.0,0.0
CA,56996,17609,33.985244,-117.700826,SUN,SOLAR,661.0,0.0,0.0
CA,57217,17609,34.094279,-117.400113,SUN,SOLAR,942.0,0.0,0.0
CA,57219,17609,34.086276,-117.230571,SUN,SOLAR,2985.0,0.0,0.0
CA,57220,17609,34.041389,-117.573055,SUN,SOLAR,2521.0,0.0,0.0
CA,57221,17609,34.086111,-117.2275,SUN,SOLAR,3229.0,0.0,0.0
CA,57222,17609,34.041944,-117.565,SUN,SOLAR,1336.0,0.0,0.0
CA,57223,17609,34.042778,-117.571666,SUN,SOLAR,911.0,0.0,0.0
CA,57224,17609,34.075,-117.516944,SUN,SOLAR,420.999,0.0,0.0
CA,57225,17609,34.075833,-117.241388,SUN,SOLAR,4630.003,0.0,0.0
CA,57227,17609,34.083499,-117.23557,SUN,SOLAR,3494.001,0.0,0.0
CA,57229,17609,34.079167,-117.516666,SUN,SOLAR,2931.999,0.0,0.0
CA,57230,17609,34.085556,-117.233611,SUN,SOLAR,1470.0,0.0,0.0
CA,57231,17609,34.072778,-117.503333,SUN,SOLAR,3402.0,0.0,0.0
CA,57232,17609,34.083333,-117.516388,SUN,SOLAR,1490.001,0.0,0.0
CA,57237,17609,34.08,-117.2114,SUN,SOLAR,1719.0,0.0,0.0
CA,57236,17609,34.080833,-117.520277,SUN,SOLAR,3123.0,0.0,0.0
CA,57245,17609,34.131214,-117.425324,SUN,SOLAR,6183.996,0.0,0.0
CA,57246,17609,34.131111,-117.421666,SUN,SOLAR,2574.0,0.0,0.0
CA,57247,17609,34.094167,-117.274166,SUN,SOLAR,3631.999,0.0,0.0
CA,57534,17609,34.031667,-117.571944,SUN,SOLAR,1365.999,0.0,0.0
CA,57535,17609,34.0325,-117.569166,SUN,SOLAR,1387.0,0.0,0.0
CA,57441,17609,36.028056,-119.074722,SUN,SOLAR,8169.0,0.0,0.0
CA,57540,17609,33.839167,-117.220833,SUN,SOLAR,4464.0,0.0,0.0
CA,57900,17609,34.081111,-117.228056,SUN,SOLAR,6017.0,0.0,0.0
CA,58388,59873,34.8181,-118.4036,SUN,SOLAR,861867.001,0.0,0.0
CA,58389,59872,34.848611,-118.352778,SUN,SOLAR,756373.001,0.0,0.0
CA,57933,58101,38.516389,-121.47528,SUN,SOLAR,3770.0,0.0,0.0
CA,60591,60353,34.839012,-118.386843,SUN,SOLAR,155729.0,0.0,0.0
CA,60869,60525,34.511889,-117.922819,SUN,SOLAR,26343.0,0.0,0.0
CA,62732,62648,37.411011,-122.148864,SUN,SOLAR,620.0,0.0,0.0
CA,60185,58661,34.655694,-118.298166,SUN,SOLAR,218852.0,0.0,0.0
CA,510,7160,38.7903,-122.7559,GEO,GEOTHERMAL,350080.0,40567.207,0.11587981889853749
CA,55752,17412,38.3017,-122.7489,LFG,BIOMASS,12592.0,0.0,0.0
CA,55753,17412,38.3017,-122.7489,LFG,BIOMASS,12977.0,0.001,7.705941280727441e-08
CA,55880,17412,38.3017,-122.7489,LFG,BIOMASS,548.0,0.0,0.0
CA,57793,57108,38.466666,-122.723436,NG,GAS,2932.0,0.0,0.0
CA,58578,60025,37.889753,-120.528723,SUN,SOLAR,3606.0,0.0,0.0
CA,280,14328,40.395396,-121.879186,WAT,HYDRO,24953.0,0.0,0.0
CA,57770,57047,32.543333,-117.067778,OBG,BIOMASS,7466.0,0.0,0.0
CA,50752,164,35.438611,-119.7075,NG,GAS,436511.001,148213.703,0.33954173585650366
CA,50751,54713,35.4206,-118.9644,NG,GAS,108945.0,34864.235,0.32001684336132913
CA,50837,16899,33.759236,-118.239922,MSW,BIOMASS,185650.0,173247.674,0.9331951198491786
CA,281,14328,39.324613,-120.644807,WAT,HYDRO,6648.0,0.0,0.0
CA,282,14328,39.324592,-120.645375,WAT,HYDRO,8166.0,0.0,0.0
CA,283,14328,39.337679,-120.635467,WAT,HYDRO,27527.0,0.0,0.0
CA,59658,17164,40.472283,-122.324205,WDS,BIOMASS,160856.0,90.519,0.0005627331277664495
CA,54554,40613,38.3914,-120.0008,WAT,HYDRO,16060.001,0.0,0.0
CA,57916,57299,32.911111,-115.568056,NG,GAS,21898.72,7136.707,0.3258960797708724
CA,450,2518,40.628115,-122.467509,WAT,HYDRO,374420.0,0.0,0.0
CA,284,14328,38.18653,-120.11168,WAT,HYDRO,34671.0,0.0,0.0
CA,60491,60278,35.171153,-118.001652,SUN,SOLAR,112586.0,0.0,0.0
CA,59532,59273,35.249167,-117.955278,SUN,SOLAR,290089.0,0.0,0.0
CA,59840,59616,35.250031,-117.976847,SUN,SOLAR,408661.0,0.0,0.0
CA,56144,16088,33.9308,-117.2933,NG,GAS,792.0,642.304,0.8109898989898989
CA,56125,30076,34.2253,-119.0858,WAT,HYDRO,816.0,0.0,0.0
CA,50537,9297,37.455314,-122.172797,NG,GAS,29220.0,10165.453,0.3478936687200547
CA,61791,61418,38.216841,-122.542866,SUN,SOLAR,1715.0,0.0,0.0
CA,7066,2518,39.470447,-120.10455,WAT,HYDRO,12236.0,0.0,0.0
CA,62020,61602,37.43434,-122.16077,SUN,SOLAR,6344.0,0.0,0.0
CA,285,14328,38.139048,-120.370325,WAT,HYDRO,376753.0,0.0,0.0
CA,57683,57007,33.881667,-118.0175,SUN,SOLAR,1523.0,0.0,0.0
CA,59804,57128,34.093684,-117.551044,NG,GAS,6640.0,0.0,0.0
CA,58646,17650,35.6,-115.4,SUN,SOLAR,644143.002,0.0,0.0
CA,61607,61210,35.32,-120.691,SUN,SOLAR,9675.0,0.0,0.0
CA,7151,16655,39.586864,-122.533248,WAT,HYDRO,14337.0,0.0,0.0
CA,60219,60004,38.643527,-121.505506,SUN,SOLAR,1536.0,0.0,0.0
CA,57497,14328,36.531389,-120.106944,SUN,SOLAR,33509.0,0.0,0.0
CA,58757,58661,34.723056,-118.289722,SUN,SOLAR,14345.999,0.0,0.0
CA,58753,58661,34.723056,-118.289722,SUN,SOLAR,3729.0,0.0,0.0
CA,58754,58661,34.723056,-118.289722,SUN,SOLAR,3737.0,0.0,0.0
CA,58755,58661,34.723056,-118.289722,SUN,SOLAR,3486.0,0.0,0.0
CA,58756,58661,34.723056,-118.289722,SUN,SOLAR,2253.0,0.0,0.0
CA,60280,58661,34.714703,-118.311006,SUN,SOLAR,54614.0,0.0,0.0
CA,57360,56700,35.983056,-120.110277,SUN,SOLAR,32409.0,0.0,0.0
CA,59687,59457,37.05758,-120.653625,SUN,SOLAR,3144.0,0.0,0.0
CA,60791,796,33.555267,-116.639647,SUN,SOLAR,4943.0,0.0,0.0
CA,59916,59139,34.03527,-117.5341,SUN,SOLAR,1719.0,0.0,0.0
CA,60032,59773,34.097728,-117.544529,SUN,SOLAR,1570.0,0.0,0.0
CA,57010,56434,38.232108,-122.092706,SUN,SOLAR,1582.0,0.0,0.0
CA,57007,56297,33.567268,-114.917979,SUN,SOLAR,1799.0,0.0,0.0
CA,57008,56431,34.2089,-119.13,SUN,SOLAR,1691.0,0.0,0.0
CA,57004,56294,33.8672,-117.23,SUN,SOLAR,887.0,0.0,0.0
CA,57012,56434,34.5975,-117.2,SUN,SOLAR,2236.0,0.0,0.0
CA,57557,56898,37.4194,-122.0153,LFG,BIOMASS,10319.0,2828.369,0.27409332299641437
CA,10437,60246,34.863356,-116.827627,SUN,SOLAR,58923.0,0.0,0.0
CA,10438,60247,34.863356,-116.827627,SUN,SOLAR,39125.0,0.0,0.0
CA,55182,18320,35.2097,-119.585,NG,GAS,2188614.0,907603.219,0.4146931432404252
CA,61754,63182,35.096709,-118.602184,NG,GAS,25683.0,16804.439,0.6543020285792157
CA,57559,56902,37.750894,-122.481758,SUN,SOLAR,6572.0,0.0,0.0
CA,58429,58426,34.335678,-118.519188,LFG,BIOMASS,147974.0,0.0,0.0
CA,50134,18390,35.452577,-118.985313,NG,GAS,573204.0,202711.762,0.35364680288344114
CA,10387,57223,32.857709,-117.028847,LFG,BIOMASS,23126.999,0.0,0.0
CA,59443,58468,34.689167,-118.324722,SUN,SOLAR,57800.0,0.0,0.0
CA,52085,54713,35.1133,-119.4706,NG,GAS,79317.0,24140.886,0.304359544612126
CA,58149,58112,34.708889,-118.304722,SUN,SOLAR,49820.0,0.0,0.0
CA,58232,58661,33.767222,-117.0175,SUN,SOLAR,1582.0,0.0,0.0
CA,55603,57251,34.4383,-119.9397,LFG,BIOMASS,23619.0,0.001,4.233879503789322e-08
CA,61824,61443,34.11193,-117.27326,SUN,SOLAR,3217.0,0.0,0.0
CA,62246,61443,38.682746,-121.723451,SUN,SOLAR,3373.0,0.0,0.0
CA,59330,59129,36.505,-121.451667,WND,WIND,3971.0,0.0,0.0
CA,58303,57128,36.6575,-121.623333,NG,GAS,4196.0,0.0,0.0
CA,10191,2719,35.060556,-118.389722,WND,WIND,14038.0,0.0,0.0
CA,54909,2719,35.1061,-118.3114,WND,WIND,47619.0,0.0,0.0
CA,57594,56930,37.6167,-121.3564,WND,WIND,2006.0,0.0,0.0
CA,479,12397,33.8343,-117.4971,WAT,HYDRO,1691.0,0.0,0.0
CA,57656,56984,33.826389,-117.511667,SUN,SOLAR,1994.0,0.0,0.0
CA,60035,59775,33.97819,-117.38514,SUN,SOLAR,14487.0,0.0,0.0
CA,54343,10099,36.4156,-119.0069,WAT,HYDRO,66652.0,0.0,0.0
CA,59541,59284,34.039722,-117.606667,SUN,SOLAR,2846.0,0.0,0.0
CA,52161,2770,35.0853,-118.3547,WND,WIND,16304.0,0.0,0.0
CA,56570,2770,35.1161,-118.3789,WND,WIND,11354.0,0.0,0.0
CA,10601,2674,33.77697,-118.22821,WH,OTHF,191101.0,0.0,0.0
CA,7129,3255,39.528749,-121.546359,WAT,HYDRO,16179.0,0.0,0.0
CA,54308,54722,40.199822,-123.523145,WAT,HYDRO,6591.0,0.0,0.0
CA,56051,18986,33.7684,-118.2141,NG,GAS,309014.0,188445.328,0.6098278006821698
CA,287,14328,38.449291,-120.492645,WAT,HYDRO,252450.0,0.0,0.0
CA,63717,62150,36.65676,-121.62428,NG,GAS,13439.0,0.0,0.0
CA,714,14328,39.893491,-121.59338,WAT,HYDRO,4332.0,0.0,0.0
CA,57695,59874,35.405556,-120.068611,SUN,SOLAR,1255721.999,0.0,0.0
CA,50624,60657,33.85336,-118.33,PRG,OTHF,181055.0,47862.816,0.26435511861036703
CA,10091,11217,33.7683,-118.2836,OBG,BIOMASS,158837.0,513.887,0.0032353104125613045
CA,54647,2770,35.05,-118.2572,WND,WIND,52248.0,0.0,0.0
CA,55933,7724,37.7107,-121.4906,NG,GAS,864402.0,427655.625,0.49474159592411865
CA,58619,58573,37.795556,-122.402778,NG,GAS,2312.0,767.788,0.33208823529411763
CA,451,2518,40.797296,-122.762553,WAT,HYDRO,270275.0,0.0,0.0
CA,59599,60184,35.831944,-119.056111,SUN,SOLAR,34269.0,0.0,0.0
CA,58642,58593,36.2,-119.42,SUN,SOLAR,5209.0,0.0,0.0
CA,61846,61467,36.187138,-119.375097,OBG,BIOMASS,1597.0,0.0,0.0
CA,10222,11278,36.058635,-118.924097,WAT,HYDRO,3824.0,0.0,0.0
CA,57913,15399,32.663889,-116.289722,WND,WIND,395068.0,0.0,0.0
CA,416,13935,37.876111,-120.605,WAT,HYDRO,146341.001,0.0,0.0
CA,161,19281,37.611461,-120.594678,WAT,HYDRO,7887.0,0.0,0.0
CA,59872,59660,38.55,-121.75,SUN,SOLAR,29877.0,0.0,0.0
CA,61995,61591,37.365688,-120.432228,SUN,SOLAR,8484.0,0.0,0.0
CA,62016,61600,33.97036,-117.33099,SUN,SOLAR,6271.0,0.0,0.0
CA,57122,56427,33.6481,-117.8467,NG,GAS,99505.0,32139.853,0.32299736696648407
CA,60120,59892,33.788,-117.8901,NG,GAS,7451.0,0.0,0.0
CA,52073,19524,34.0692,-118.4439,NG,GAS,280723.59,86958.203,0.3097645018005077
CA,57735,57047,32.877222,-117.234722,OBG,BIOMASS,18955.0,0.0,0.0
CA,6612,16534,38.86429,-120.444335,WAT,HYDRO,127658.0,0.0,0.0
CA,50064,22142,36.9997,-122.0622,NG,GAS,32039.0,11444.956,0.3572195137176566
CA,57856,56918,32.874379,-117.238927,SUN,SOLAR,3901.0,0.0,0.0
CA,50089,24010,37.77656,-122.451878,NG,GAS,9285.0,3901.007,0.4201407646742057
CA,57584,56918,32.8747,-117.2392,NG,GAS,229154.0,81651.712,0.3563180743081072
CA,489,19281,37.6508,-120.4706,WAT,HYDRO,10343.0,0.0,0.0
CA,407,11208,37.546036,-118.590001,WAT,HYDRO,97096.0,0.0,0.0
CA,50115,22669,35.0329,-117.701,NG,GAS,296532.0,94394.526,0.3183282950912549
CA,60846,60947,38.601354,-121.397929,SUN,SOLAR,2048.0,0.0,0.0
CA,61682,60059,32.79278,-115.857336,SUN,SOLAR,1714.0,0.0,0.0
CA,61683,60059,32.790403,-115.863214,SUN,SOLAR,1884.0,0.0,0.0
CA,61250,60950,33.977922,-118.2587,SUN,SOLAR,16449.0,0.0,0.0
CA,60086,60947,34.66072,-118.081152,SUN,SOLAR,6604.0,0.0,0.0
CA,58249,59553,34.248889,-118.483333,SUN,SOLAR,4879.0,0.0,0.0
CA,57041,14328,38.4106,-121.9264,SUN,SOLAR,3074.0,0.0,0.0
CA,59058,57130,38.399444,-121.960278,SUN,SOLAR,1983.0,0.0,0.0
CA,63928,56476,38.38867,-121.93864,SUN,SOLAR,124.0,0.0,0.0
CA,61418,60059,33.04358,-115.62779,SUN,SOLAR,6471.0,0.0,0.0
CA,62288,57170,34.90422,-118.384341,SUN,SOLAR,22707.0,0.0,0.0
CA,55851,19676,38.0736,-122.1411,NG,GAS,339249.0,102034.812,0.30076672886287065
CA,63285,63067,33.778655,-118.23853,NG,GAS,253352.0,137393.625,0.5423032973886135
CA,60509,59462,33.2503,-117.0226,SUN,SOLAR,5624.0,0.0,0.0
CA,58906,58775,33.234167,-117.001667,SUN,SOLAR,5586.0,0.0,0.0
CA,58907,58776,33.234167,-117.001667,SUN,SOLAR,10321.0,0.0,0.0
CA,408,11208,34.244991,-118.391327,NG,GAS,2241784.0,952884.532,0.42505635333288133
CA,60824,60947,33.708661,-116.198885,SUN,SOLAR,1865.0,0.0,0.0
CA,487,12397,33.9001,-117.82905,WAT,HYDRO,3320.0,0.0,0.0
CA,61463,61082,34.749708,-120.509982,SUN,SOLAR,42899.0,0.0,0.0
CA,57700,57024,37.790833,-121.718055,WND,WIND,236975.0,0.0,0.0
CA,59555,59298,36.925833,-120.82,SUN,SOLAR,49155.0,0.0,0.0
CA,58289,59455,33.598889,-114.571667,SUN,SOLAR,3400.0,0.0,0.0
CA,58290,59455,33.597222,-114.571667,SUN,SOLAR,3424.0,0.0,0.0
CA,59261,57128,33.850556,-118.304167,NG,GAS,6637.0,0.0,0.0
CA,60918,60572,36.18519,-119.681495,OBG,BIOMASS,4042.0,0.0,0.0
CA,62418,61952,36.18519,-119.681495,OBG,BIOMASS,3203.0,0.0,0.0
CA,62419,61952,36.18519,-119.681495,OBG,BIOMASS,3100.0,0.0,0.0
CA,58418,58661,34.501111,-117.466667,SUN,SOLAR,9994.0,0.0,0.0
CA,58419,58661,34.497778,-117.471111,SUN,SOLAR,9860.0,0.0,0.0
CA,59269,58661,34.512778,-117.387222,SUN,SOLAR,3693.0,0.0,0.0
CA,59270,58661,34.511389,-117.387222,SUN,SOLAR,3685.0,0.0,0.0
CA,59271,58661,34.509444,-117.387222,SUN,SOLAR,3684.0,0.0,0.0
CA,59272,58661,34.508056,-117.387222,SUN,SOLAR,3628.0,0.0,0.0
CA,57254,56618,34.48017,-117.257938,SUN,SOLAR,1206.0,0.0,0.0
CA,50532,56899,35.0686,-118.3833,WND,WIND,20612.0,0.0,0.0
CA,52160,2770,35.076,-118.3664,WND,WIND,24566.0,0.0,0.0
CA,58450,58440,34.668889,-118.061389,SUN,SOLAR,4076.0,0.0,0.0
CA,58509,58135,35.55795,-120.68287,SUN,SOLAR,4027.0,0.0,0.0
CA,290,14328,40.459111,-121.86708,WAT,HYDRO,48307.0,0.0,0.0
CA,180,14328,40.45193,-121.86215,WAT,HYDRO,4535.0,0.0,0.0
CA,60594,2770,35.046061,-118.28273,WND,WIND,6728.0,0.0,0.0
CA,61582,2770,35.073377,-118.268616,WND,WIND,458595.0,0.0,0.0
CA,61583,2770,35.060768,-118.264734,WND,WIND,135389.0,0.0,0.0
CA,61584,2770,35.077872,-118.2497,WND,WIND,77355.0,0.0,0.0
CA,50210,49899,33.1633,-115.6167,GEO,GEOTHERMAL,238607.0,18682.254,0.07829717485237231
CA,6196,3255,34.6853,-118.7881,WAT,HYDRO,205056.0,0.0,0.0
CA,59458,59222,32.903333,-117.195556,NG,GAS,35038.0,12064.851,0.34433617786403337
CA,50293,19946,39.1062,-122.1096,AB,BIOMASS,188290.0,575.352,0.0030556694460672365
CA,58233,60025,33.908889,-116.555556,WND,WIND,14587.0,0.0,0.0
CA,57006,56296,38.674894,-121.713362,SUN,SOLAR,1569.0,0.0,0.0
CA,57515,59980,34.008709,-117.944864,NG,GAS,456237.0,256179.562,0.5615054500183019
CA,56078,19281,37.4878,-120.8956,NG,GAS,1044133.0,516993.484,0.4951414082305607
CA,59299,54842,38.160833,-122.565,LFG,BIOMASS,28261.0,0.0,0.0
CA,57715,57034,33.143847,-117.236908,NG,GAS,2526.0,2906.738,1.1507276326207443
CA,50216,867,33.816647,-118.244841,NG,GAS,3036844.0,994947.763,0.32762557543291654
CA,58454,58440,34.600833,-117.642222,SUN,SOLAR,4118.0,0.0,0.0
CA,54447,60637,35.354444,-119.6617,NG,GAS,36284.0,13335.88,0.36754161613934516
CA,58206,14328,36.142222,-120.1325,SUN,SOLAR,18063.0,0.0,0.0
CA,291,14328,38.420898,-120.549572,WAT,HYDRO,78013.0,0.0,0.0
CA,58244,58661,33.719722,-117.009722,SUN,SOLAR,1437.0,0.0,0.0
CA,59961,58661,34.73206,-118.313573,SUN,SOLAR,54954.0,0.0,0.0
CA,58626,58661,34.681667,-118.324722,SUN,SOLAR,51434.0,0.0,0.0
CA,58627,58661,34.688889,-118.320278,SUN,SOLAR,26629.0,0.0,0.0
CA,54410,4732,35.440539,-119.012861,NG,GAS,162032.0,68901.403,0.42523330576676216
CA,58616,58568,36.138056,-120.075833,SUN,SOLAR,42854.0,0.0,0.0
CA,61249,60991,33.766067,-118.288925,SUN,SOLAR,5280.0,0.0,0.0
CA,60914,60991,33.766067,-118.284733,SUN,SOLAR,5285.0,0.0,0.0
CA,61593,60991,33.763012,-118.286558,SUN,SOLAR,3106.0,0.0,0.0
CA,61348,60991,33.764227,-118.288925,SUN,SOLAR,3772.0,0.0,0.0
CA,61349,60991,33.764227,-118.284733,SUN,SOLAR,3772.0,0.0,0.0
CA,61594,60991,33.762421,-118.288214,SUN,SOLAR,4903.0,0.0,0.0
CA,60275,60067,36.219,-119.907,SUN,SOLAR,4771.0,0.0,0.0
CA,57499,14328,36.378726,-120.124898,SUN,SOLAR,27663.0,0.0,0.0
CA,60255,12397,34.108618,-117.782246,SUN,SOLAR,4987.0,0.0,0.0
CA,50881,20541,40.428329,-122.279248,WDS,BIOMASS,261222.0,0.007,2.6797130410149222e-08
CA,7189,15783,40.597617,-122.538683,WAT,HYDRO,25587.0,0.0,0.0
CA,58373,56769,35.871389,-119.4625,SUN,SOLAR,47210.0,0.0,0.0
CA,58973,56769,35.874722,-119.046111,SUN,SOLAR,49903.0,0.0,0.0
CA,435,16534,38.765336,-120.787366,WAT,HYDRO,780630.0,0.0,0.0
CA,60193,59969,37.691,-121.717,SUN,SOLAR,5690.0,0.0,0.0
CA,56012,17058,33.925,-116.617778,WND,WIND,142446.0,0.0,0.0
CA,10162,5093,33.934725,-116.640548,WAT,HYDRO,4005.0,0.0,0.0
CA,60975,60619,36.376889,-120.138472,SUN,SOLAR,51662.0,0.0,0.0
CA,59380,59158,35.615833,-119.578333,SUN,SOLAR,49523.0,0.0,0.0
CA,59253,60607,35.63,-119.573889,SUN,SOLAR,39211.0,0.0,0.0
CA,60324,61672,34.826697,-118.335211,SUN,SOLAR,288115.0,0.0,0.0
CA,55557,991,33.7803,-118.24,WH,OTHF,195629.0,0.0,0.0
CA,59878,61785,35.0199,-118.2879,SUN,SOLAR,1241.0,0.0,0.0
CA,50386,2770,35.0522,-118.3581,WND,WIND,31592.0,0.0,0.0
CA,10027,61279,33.9447,-116.6222,WND,WIND,12875.0,0.0,0.0
CA,60321,61279,33.931,-116.6302,WND,WIND,24897.0,0.0,0.0
CA,57774,63235,35.054167,-118.354722,WND,WIND,267298.0,0.0,0.0
CA,50276,20707,33.9131,-116.5631,WND,WIND,71.0,0.0,0.0
CA,292,14328,38.889862,-121.098525,WAT,HYDRO,71436.0,0.0,0.0
CA,61750,56769,32.676,-115.619,SUN,SOLAR,292640.0,0.0,0.0
CA,55855,49972,38.228522,-122.07525,NG,GAS,7008.0,5054.896,0.7213036529680364
CA,10836,54806,38.6905,-121.7371,WDS,BIOMASS,184894.0,819.454,0.004432020509048428
CA,7266,12745,37.652602,-121.020397,NG,GAS,490047.998,207857.141,0.4241566986260803
CA,419,14191,39.553811,-121.204077,WAT,HYDRO,224436.0,0.0,0.0
CA,59008,58661,35.323056,-118.821389,SUN,SOLAR,36444.0,0.0,0.0
CA,50218,19281,37.860653,-120.879153,WAT,HYDRO,2203.0,0.0,0.0
CA,59525,59260,37.009444,-120.957222,SUN,SOLAR,881.0,0.0,0.0
CA,56036,5571,37.8258,-122.2961,OBG,BIOMASS,20964.999,91.684,0.004373193626195737
CA,62286,61811,34.224041,-118.392921,SUN,SOLAR,3277.0,0.0,0.0
CA,58299,57128,37.252778,-121.934167,NG,GAS,8327.0,0.0,0.0
CA,59805,57128,37.415419,-122.025747,NG,GAS,6452.0,0.0,0.0
CA,57422,56751,38.659722,-121.7294,SUN,SOLAR,1106.0,0.0,0.0
CA,6647,12397,33.9117,-117.8192,WAT,HYDRO,18937.0,0.0,0.0
CA,52186,20323,39.13667,-121.639846,NG,GAS,3722.0,1271.752,0.3416851155292853
CA,10349,59879,39.1365,-121.6397,NG,GAS,221904.0,15107.659,0.06808195886509481
CA,55813,2867,39.1392,-121.6387,NG,GAS,28997.0,19104.582,0.6588468462254715
CA,56276,56899,35.0772,-118.3811,WND,WIND,1659.0,0.0,0.0
CA,60220,60003,37.4325,-121.95285,OBG,BIOMASS,3884.0,0.0,0.0
